|Altro|,|Oggi05/11/2017 Elezioni Regionali Sicilia dalle ore 08 alle 2200si voterà un giorno soloil Presidente saràquello che avrà più voti-|
|5stelle|,|'"Se vogliamo che tutto rimanga com''è bisogna che tutto cambi.” Si ucciderà mai il Gattopardo? #elezionisiciliane #RegionaliSicilia'|
|ForzaItalia|,|Elezioni regionali M5S nella Sicilia affondata. Musumeci galantuomo e il freno degli eterni ritorni http://www. corriere.it/politica/elezi oni-regionali-sicilia-2017/notizie/regionali-brivido-m5s-sicilia-affondata-musumeci-galantuomo-e4197ad8-c1a4-11e7-b5e5-1f34efbbc6b1.shtml … povera Sicilia|
|Altro|,|In #Sicilia si sta #votando per l’ #elezioni #regionali #auguri a tutti i #candidati e che vinca il migliore|
|ForzaItalia|,|Regionali in #Sicilia  i #pentastellati violano il #silenzio . E litigano con i #giornalisti - http:// bit.ly/2zffWbq|
|ForzaItalia|,|New post: Regionali  il brivido M5S nella Sicilia affondata. Musumeci il galantuomoe il freno degli eterni ritorni http:// vivicapena.com/regionali-il-b rivido-m5s-nella-sicilia-affondata-musumeci-il-galantuomoe-il-freno-degli-eterni-ritorni-2/ …|
|Altro|,|Regionali Sicilia  Minniti ai prefetti: "Massima vigilanza sul voto seria minaccia della criminali… http:// palermo.repubblica.it/politica/2017/ 11/04/news/regionali_sicilia_minniti_ai_prefetti_massima_vigilanza_sul_voto_seria_minaccia_della_criminalita_-180251409/ … via @repubblica|
|ForzaItalia|,|Regionali  il brivido M5S nella Sicilia affondata. Musumeci il galantuomoe il freno degli… https:// goo.gl/fb/A44MZV http:// fb.me/C8HXjQKz|
|ForzaItalia|,|Regionali  il brivido M5S nella Sicilia affondata. Musumeci il galantuomoe il freno degli… https:// goo.gl/fb/A44MZV|
|Altro|,|Elezioni regionali Sicilia 2017: quando si vota candidati come si vota e FAC SIMILE… https:// goo.gl/fb/zS5vcn|
|ForzaItalia|,|Regionali  il brivido M5S nella Sicilia affondata. Musumeci il galantuomoe il freno degli eterni ritorni http:// bit.ly/2h4bJwn|
|Altro|,|#RegionaliSicilia vota Fava scrivi @Ketty_Berty Bertuccelli ogni votoè un colpo di adrenalina per una Regione che molti terrebbero morente|
|5stelle|,|Come votare il MoVimento 5 Stelle alle Elezioni regionali in Sicilia https:// youtu.be/rE9nr_LrE4w via @YouTube|
|Altro|,|'5 Novembre elezioni regionali in Sicilia . "Non ti lamentare prendi la --matita-- e tira fuori i denti." L''Italia... http:// fb.me/BAS5Gtfe'|
|5stelle|,|#CancelleriPresidente - #Palermo https:// youtu.be/7_hro3jW5Ik via @YouTube #regionalisicilia2017 #RegionaliSicilia #Milazzo #Messina #BarcellonaPG #SceglieteIlFuturo #M5S #Catania|
|ForzaItalia|,|Regionali Sicilia  il centrodestra contro il video di Grillo a Mondello: "Silenzio elettorale viola… http:// palermo.repubblica.it/politica/2017/ 11/04/news/regionali_sicilia_il_centrodestra_contro_il_video_di_grillo_a_mondello_silenzio_elettorale_violato_-180240734/ … via @repubblica|
|Altro|,|#Sicilia  @Civati : «Con Regionali inizia nuova storia a sinistra» https://www. possibile.com/sicilia-civati -regionali-inizia-nuova-storia-sinistra/ …|
|Altro|,|'Da lunedi daro'' tutti i risultati delle elezioni regionali sicilia'|
|5stelle|,|#ElezioniSicilia #elezionisicilia2017 #RegionaliSicilia #regionalisicilia2017 #Ars #5novembre #beppegrillo #palermo #ScegliilFuturo #CancelleriPresidente @beppe_grillo @luigidimaio @ale_dibattista @GiancarloCanc @AlessioVillaros pic.twitter.com/CTC8kblkLs|
|Altro|,|Elezioni regionali in Sicilia  come si vota https:// goo.gl/fb/cfxeFH|
|Altro|,|Regionali Sicilia  Minniti ai prefetti: "Massima vigilanza sul voto seria minaccia della criminalità" http:// larep.it/2zdePJ9|
|Altro|,|VIDEO: Elezioni regionali in Sicilia  come si vota http:// sky.tg/m3bfa|
|Altro|,|Regionali Sicilia  Minniti ai prefetti: "Massima vigilanza sul voto seria minaccia della criminalità" http:// ift.tt/2j14VUz|
|5stelle|,|'#Sicilia : alle regionali  la scelta tra l''innovazione e la restaurazione. Non abbiate dubbi nel dare il voto al #M5S .Grazie'|
|Altro|,|Repubblica: Regionali Sicilia  Minniti ai prefetti: "Massima vigilanza sul voto seria minaccia della criminalità" http:// ift.tt/2j14VUz …|
|Altro|,|Regionali Sicilia  Minniti ai prefetti: "Massima vigilanza sul voto seria minaccia della criminali… http:// palermo.repubblica.it/politica/2017/ 11/04/news/regionali_sicilia_minniti_ai_prefetti_massima_vigilanza_sul_voto_seria_minaccia_della_criminalita_-180251409/ … via @repubblica|
|Altro|,|Regionali Sicilia  Minniti ai prefetti: "Massima vigilanza sul voto seria minaccia della criminalità" http:// larep.it/2zd3BEC|
|Altro|,|Comunque mettetevi il cuore in pace. Il PD in Sicilia non andrà certo più male delle precedenti elezioni regionali .|
|Altro|,|Elezioni regionali Sicilia  polemica e alta tensione prima del voto ( http:// Quotidiano.net ) http:// bit.ly/2hG7OGT pic.twitter.com/Yeyh9f7sYr|
|Altro|,|Elezioni Regionali 2017 Sicilia LIVE news: candidati ultimi sondaggi come si vota (Centro Meteo Italiano) http:// bit.ly/2hFMcuc pic.twitter.com/9Q1rRbmBLL|
|Altro|,|Grosso errore cominciare lo spoglio il giorno dopo. Durante la notte potrebbe succedere di tutto. #RegionaliSicilia|
|5stelle|,|. #RegionaliSicilia  votare #M5S è più facile più semplice più chiaro più trasparente. #SceglieteIlFuturo https:// twitter.com/frankrosini/st atus/926849673985511425 …|
|5stelle|,|.Se i #siciliani non li castigano sono condannati per sempre al malaffare! #RegionaliSicilia #SceglieteIlFuturo #better https:// twitter.com/5bc32772e3fb46 7/status/926853234156822528 …|
|Altro|,|Elezioni regionali Sicilia : a che ora aprono e chiudono i seggi? Come si vota http:// it.blastingnews.com/politica/2017/ 11/elezioni-regionali-sicilia-a-che-ora-aprono-e-chiudono-i-seggi-come-si-vota-002140901.html …|
|Altro|,|Regionali Sicilia  corsa a cinque per la presidenza - http:// ow.ly/p3Lf30glVYz|
|5stelle|,|. #imperdibile #capolavoro TKS to @Ilenia1970 ! #RegionaliSicilia gli #impresentabili https:// twitter.com/Ilenia1970/sta tus/926882537699528710 …|
|Altro|,|#ricordiamodomani elezioni regionali in #Sicilia econ @mplongano @nonnachicca58 @pediatriaOggi @russ_alexx @tiquetaki @vitozullo1 @user9870|
|Altro|,|#ricordiamodomani elezioni regionali in #Sicilia econ @GiEffeRuzzeddu @giuseppenotarn1 @giuseppesfrego2 @LanfrancoPalazz @lorie_ra|
|Altro|,|#ricordiamodomani elezioni regionali in #Sicilia econ @Elle_ffante @Federica_Rubini @fmarin_ES @francesco_terry @GalvaniM @gianpaolag18|
|Altro|,|#ricordiamodomani elezioni regionali in #Sicilia econ @amatorosalia1 @BenitoAtos @blackbart6996 @carlo_magnani @DiandGtime @duesoli|
|Altro|,|Elezioni regionali Sicilia - Come si vota http:// fb.me/53gnNCDDN|
|Altro|,|Elezioni regionali Sicilia : guida al voto in breve - http:// firstonline.info http:// ift.tt/2zd2vZD|
|5stelle|,|. #RegionaliSicilia prima di votare rileggi! #impresentabile #invotabile #noncredibile http://www. kensan.it/articoli/Curri culum_giudiziario_di_Silvio_Berlusconi.php …|
|Altro|,|lo vedrete lunedì dopo le regionali in Sicilia|
|Altro|,|Regionali Sicilia  46 milioni di cittadini alle urne. Cinque in corsa per governatore http:// palermo.repubblica.it/politica/2017/ 11/04/news/regionali_sicilia_4_6_milioni_di_cittadini_alle_urne_cinque_in_corsa_per_governatore-180212793/ … via @repubblica|
|Altro|,|#RegionaliSicilia SI VOTA SOLTANTO DOMENICA Spoglio il giorno dopo la chiusura dei seggi. Un errore? http:// palermo.repubblica.it/politica/2017/ 11/04/news/spoglio_in_sicilia_il_giorno_dopo_la_chiusura_dei_seggi_crocetta_un_errore_dovevamo_cambiare_la_legge_-180230887/ …|
|ForzaItalia|,|Regionali Sicilia  il centrodestra contro il video di Grillo a Mondello: "Silenzio… https:// goo.gl/fb/PZp8RH|
|ForzaItalia|,|Regionali Sicilia  il centrodestra contro il video di Grillo a Mondello: "Silenzio… https:// goo.gl/fb/iJY4rU|
|ForzaItalia|,|ancora circa 29 ore di supponenza di merda pdiota prima che vengano bastonati alle elezioni regionali in Sicilia ...|
|ForzaItalia|,|Regionali Sicilia  il centrodestra contro il video di Grillo a Mondello: "Silenzio elettorale viola… http:// palermo.repubblica.it/politica/2017/ 11/04/news/regionali_sicilia_il_centrodestra_contro_il_video_di_grillo_a_mondello_silenzio_elettorale_violato_-180240734/ … via @repubblica|
|ForzaItalia|,|Regionali Sicilia  il centrodestra contro il video di Grillo a Mondello: "Silenzio elettorale violato" http:// larep.it/2zgf9Hg|
|ForzaItalia|,|Regionali Sicilia  il centrodestra contro il video di Grillo a Mondello: "Silenzio elettorale violato" http:// larep.it/2zgf9Hg|
|Altro|,|Risultati - Sicilia - Allievi Regionali Fascia B - Girone A - Tuttocampo.it http:// fb.me/72LduuhII|
|ForzaItalia|,|Repubblica: Regionali Sicilia  il centrodestra contro il video di Grillo a Mondello: "Silenzio elettorale violato" http:// ift.tt/2ze0lJ6 …|
|Altro|,|'Sicilia  le elezioni regionali e i possibili scenari politici http://www. lettera43.it/it/articoli/po litica/2017/11/04/sicilia-le-elezioni-regionali-e-i-possibili-scenari-politici/215292/ … Musumeci (centrodestra) favorito il M5s canterà vittoria comunque: Cancelleri può quasi raddoppiare i consensi del 2012. Il Pd con lo scomodo alleato Alfano destinato al fallimento. L''analisi pic.twitter.com/Rd17PL8mYQ'|
|Altro|,|Pro memoria per i politologi: risultati elezioni regionali Sicilia dal 1996 ad oggi 1996 centrodestra 514 per... http:// fb.me/89GYaHR8Q|
|ForzaItalia|,|Regionali Sicilia  il centrodestra contro il video di Grillo a Mondello: "Silenzio elettorale violato" http:// ift.tt/2ze0lJ6|
|Altro|,|Come si vota alle elezioni regionali in Sicilia https:// goo.gl/fb/FetGHQ|
|Altro|,|Regionali Sicilia Perchè lo spoglio comincerà lunedi alle 8 se si finirà di votare domenica alle 22? #iononmifidodinessuno|
|Altro|,|Sicilia : elezioni regionali e difesa della famiglia - Alleanza Cattolica http:// alleanzacattolica.org/sicilia-elezio ni-regionali-difesa-della-famiglia/ …|
|Altro|,|Sicilia  elezioni regionali . Domani si vota. Ecco come https:// goo.gl/fb/bwWYGB #news|
|Altro|,|Come si vota alle elezioni regionali in Sicilia http:// ift.tt/2zfSt7C|
|Altro|,|Come si vota alle elezioni regionali in Sicilia http:// ift.tt/2zfSt7C|
|Altro|,|Come si vota alle elezioni regionali in #Sicilia : Domani si eleggerà il nuovo presidente della regione e i membri…… https:// twitter.com/i/web/status/9 26857016248643584 …|
|Altro|,|Renzi le elezioni regionali della sicilia non sono Test nazionale Per il PD si prevede un tracollo. Munire Renzi e Orfini di play-station|
|Altro|,|Come si vota alle elezioni regionali in Sicilia http:// ift.tt/2zfSt7C|
|Altro|,|Come si vota alle elezioni regionali in #Sicilia : Domani si eleggerà il nuovo presidente della regione e i membri… http://www. ilpost.it/2017/11/04/ele zioni-sicilia-come-si-vota-orari-seggi/?utm_source=dlvr.it&utm_medium=twitter … pic.twitter.com/L3KmQEj3os|
|Altro|,|IN DIRETTA: speciale elezioni regionali sicilia 2017 su #spreaker https://www. spreaker.com/user/manuelito dj/speciale-elezioni-regionali-sicilia-2017?autoplay=1 …|
|ForzaItalia|,|il cambiamento e novita !! il ponte sullo stretto !!! #politica #politicaregionale #regionalisicilia #forzaitalia #berlusconi https:// twitter.com/gasparripdl/st atus/926530147867676672 …|
|5stelle|,|. #Sicilia . Domani si potrebbe scrivere la Storia. Lasciatevi alle spalle il passato. #SceglieteIlFuturo #RegionaliSicilia https:// twitter.com/MadagioPepe/st atus/926791706107789312 …|
|5stelle|,|'. #Sicilia  sta per scoccare l''ora. #NoAstensionismo #VaiAVotare #RegionaliSicilia #SceglieteIlFuturo https:// twitter.com/XMERIDIO78/sta tus/925807078064775168 …'|
|5stelle|,|'Disse l''uomo che ha appreso i candidati condannati e indagati della sua lista dai giornali . Responsabilità significa legalità #RegionaliSicilia @Musumeci_Staff pic.twitter.com/nlZT6lbkNd'|
|Altro|,|Retweeted Repubblica Roma ( @rep_roma ): Regionali Sicilia  46 milioni di cittadini alle urne. Cinque in corsa... http:// fb.me/1mhiNmRvP|
|Altro|,|Regionali Sicilia  46 milioni di cittadini alle urne. Cinque in corsa per governatore http:// larep.it/2hEZU0z [a]|
|Altro|,|Regionali Sicilia  46 milioni di cittadini alle urne. Cinque in corsa per governatore http:// dlvr.it/PzDJtq pic.twitter.com/xXLzrYgRCA|
|Altro|,|Regionali Sicilia  46 milioni di cittadini alle urne. Cinque in corsa per governatore http:// larep.it/2zdImT2|
|Altro|,|Regionali Sicilia  46 milioni di cittadini alle urne. Cinque in corsa per governatore http:// larep.it/2hEZnvj|
|Altro|,|'#Sicilia #Regionali Domani è giorno di elezioni regionali in Sicilia . Tra un''astensione altissima e l''assenza di... http:// fb.me/DD2OUp3c'|
|Altro|,|Regionali Sicilia  46 milioni di cittadini alle urne. Cinque in corsa per governatore http:// larep.it/2ze4DAb|
|ForzaItalia|,|Il centrodestra unito alle regionali di #Sicilia . pic.twitter.com/RWnm7ino6I|
|ForzaItalia|,|il cambiamento e novita !! il ponte sullo stretto !!! #politica #politicaregionale #regionalisicilia #forzaitalia #berlusconi https:// twitter.com/forza_italia/s tatus/926096264416112640 …|
|ForzaItalia|,|il cambiamento e novita !! il ponte sullo stretto !!! #politica #politicaregionale #regionalisicilia #forzaitalia #berlusconi pic.twitter.com/cdYLUvidC6|
|ForzaItalia|,|il cambiamento e novita !! il ponte sullo stretto !!! #politica #politicaregionale #regionalisicilia #forzaitalia #berlusconi pic.twitter.com/n0WEEE1o0t|
|ForzaItalia|,|il cambiamento e novita !! il ponte sullo stretto !!! #politica #politicaregionale #regionalisicilia #forzaitalia #berlusconi pic.twitter.com/l7dE5K3wlx|
|ForzaItalia|,|il cambiamento e novita !! il ponte sullo stretto !!! #politica #politicaregionale #regionalisicilia #forzaitalia #berlusconi pic.twitter.com/59PcVqGpOd|
|ForzaItalia|,|il cambiamento e novita !! il ponte sullo stretto !!! #politica #politicaregionale #regionalisicilia #forzaitalia #berlusconi pic.twitter.com/CFY4bl4Qxz|
|ForzaItalia|,|il cambiamento e novita !! il ponte sullo stretto !!! #politica #politicaregionale #regionalisicilia #forzaitalia #berlusconi pic.twitter.com/sqJjxFbJpm|
|5stelle|,|'Regionali  Grillo nell''ultimo comizio: "Non lasciamo la Sicilia a chi l''ha demolita" http:// palermo.repubblica.it/politica/2017/ 11/03/news/regionali_grillo_sul_palco_per_l_ultimo_comizio_-180183999/ … vía... http:// fb.me/MUyYgFeH'|
|5stelle|,|quando il tempo passa !! la cosa peggiore e non accorgersi cheil tempo passa per tutti http:// bit.ly/2zk4XNm #berlusconi #regionalisicilia|
|Altro|,|LIBERIAMO LA SICILIA . La terza edizione "Speciale Regionali in Sicilia " di Freedom24 News è in PDF al sito... http:// fb.me/1rpC4w8Pb|
|Altro|,|Regionali Sicilia 2017 guida al voto http:// greenground.it/2017/11/04/reg ionali-sicilia-2017-guida-al-voto/ …|
|Altro|,|Regionali Sicilia 2017 guida al voto http:// greenground.it/2017/11/04/reg ionali-sicilia-2017-guida-al-voto/ …|
|Altro|,|Elezioni #regionali in #Sicilia : cinque candidati un solo duello http:// tinyurl.com/y8vc9ek9|
|5stelle|,|'#regionali Il MoVimento 5 Stelle in Sicilia passa al contrattacco: siete d''accordo con Cancelleri? http:// fb.me/3qLNs0sYQ'|
|Altro|,|#RegionaliSicilia SI VOTA SOLO DOMENICA 46 milioni di cittadini alle urne http:// palermo.repubblica.it/politica/2017/ 11/04/news/regionali_sicilia_4_6_milioni_di_cittadini_alle_urne_cinque_in_corsa_per_governatore-180212793/ …|
|5stelle|,|#RegionaliSicilia .Lui è @Giorgio_Assenza già in #regioneSicilia .Vuole ancora il tuo voto con @Musumeci_Staff #SceglieteilFuturo ...Vi prego! pic.twitter.com/Ax0bPmYJo4|
|Altro|,|I "grandi" risultati delle regionali 2012 in Sicilia con Pd targato Bersani! Giusto per rinfrescare la memoria! pic.twitter.com/gCKRs1hZWT|
|Altro|,|Regionali #Sicilia 2017 guida al voto http://www. palermotoday.it/politica/elezi oni/regionali-sicilia-2017/5-novembre-quando-come-si-vota.html …|
|Altro|,|Domenica e Lunedì #maratonaRS Una diretta No-Stop per raccontarvi le Elezioni Regionali Sicilia . http:// fb.me/EXclJrvP|
|Altro|,|#iovoto #iovotolibero #RegionaliSicilia #regionalisicilia2017 #siciliaalvoto #sicilia pic.twitter.com/phuB2QNZhb|
|ForzaItalia|,|Sicilia al voto: chi è Nello Musumeci candidato di Berlusconi Salvini e Meloni alle regionali http:// gestyy.com/weY2KF pic.twitter.com/MK4uOfm2fE|
|5stelle|,|Sicilia al voto: chi è Giancarlo Cancelleri il candidato del M5s alle elezioni regionali http:// gestyy.com/weY2Sw pic.twitter.com/TUvlVkh02Z|
|Altro|,|#RegionaliSicilia pic.twitter.com/Of51Yt99D9|
|5stelle|,|#iovoto #iovotolibero #RegionaliSicilia #regionalisicilia2017 #sicilia pic.twitter.com/LU4exHBMyy|
|5stelle|,|#iovoto #iovotolibero #RegionaliSicilia #regionalisicilia2017 #Sicilia2017 #sicilia pic.twitter.com/LdAhZM644r|
|ForzaItalia|,|Sicilia al voto: chi è Nello Musumeci che ha unito #Berlusconi  Salvini e Meloni alle elezioni regionali http:// dlvr.it/PzChd5 pic.twitter.com/Pbxf4IgWv7|
|Altro|,|Sicilia al voto: chi è Fabrizio Micari il candidato di #Renzi e Alfano alle elezioni regionali http:// dlvr.it/PzChMT pic.twitter.com/ZW19kkKZpT|
|Altro|,|#regionali “L’intera Sicilia è una dimensione fantastica. Come si fa a viverci senza immaginazione?” L.Sciascia... http:// fb.me/8tuKKM4f1|
|Altro|,|#RegionaliSicilia La Sicilia al voto in cinque grafici http:// intern.az/1yWC|
|Altro|,|'Elezioni regionali Sicilia  5 novembre: cosa c''è da sapere http://www. quotidiano.net/cronaca/elezio ni-regionali-sicilia-1.3502993?wt_mc=twitteruser … via @quotidianonet'|
|Altro|,|Elezioni Regionali in Sicilia  candidati e quando si vota per il presidente e i deputati dell’ARS http:// ow.ly/vsIK50eZBNc|
|Altro|,|Io non so chi sei o siete ma io domani voto per le regionali qui in Sicilia ; altro che MusumeciCancelleri o Micari; voterò per te #gfvip|
|Altro|,|Regionali Sicilia : i precedenti e le aspettative dei partiti http://www. ansa.it/sicilia/notizi e/2017/11/02/regionali-sicilia-i-precedenti-e-le-aspettative-dei-partiti_e8f89b56-b64b-43bd-914e-1e24b6d8ec0d.html …|
|Altro|,|Elezioni regionali : quando e come si vota in Sicilia . TUTTE LE INFO http:// fb.me/17vN7HfZf|
|Altro|,|Sicilia  Civati: «Con Regionali inizia nuova storia a sinistra» http:// fb.me/EHqbTCGD|
|5stelle|,|Scegliere il nuovo è sempre difficile ma meglio #DiMaio che ha almeno una faccia da bravo ragazzo da #chierichetto #RegionaliSicilia|
|Altro|,|Elezioni regionali Sicilia 2017: quando si vota tutte le liste e i candidati http:// fb.me/4vIiqMzsl|
|5stelle|,|#SceglieteIlFuturo #CancelleriPresidente #RegionaliSicilia Forza Siciliani o NOI o LORO .. pic.twitter.com/5k3adyddRF|
|ForzaItalia|,|@GabriGiammanco Onorevole è sempre un immenso piacere ammirare la Sua competenza e serietà in bocca al lupo per le Regionali in Sicilia|
|ForzaItalia|,|#regionali Giorgia Meloni attacca il MoVimento 5 Stelle: voi chi votereste in Sicilia ? SEGUICI SU ==>... http:// fb.me/8TaGrR2kM|
|Altro|,|Sicilia  più di 4 milioni e mezzo di elettori alle urne per le Regionali - http://www. grandangoloagrigento.it/sicilia-piu-di -4-milioni-e-mezzo-di-elettori-alle-urne-per-le-regionali/ …|
|Altro|,|Sicilia  più di 4 milioni e mezzo di elettori alle urne per le Regionali – Grandangolo Agrigento http:// fb.me/7PnlmCsH4|
|Altro|,|Regionali #Sicilia  46 milioni di cittadini alle urne. Cinque in corsa per governatore http:// palermo.repubblica.it/politica/2017/ 11/04/news/regionali_sicilia_4_6_milioni_di_cittadini_alle_urne_cinque_in_corsa_per_governatore-180212793/ … via @repubblica|
|Altro|,|Regionali Sicilia  46 milioni di cittadini alle urne. Cinque in corsa per governatore http:// larep.it/2zdImT2|
|Altro|,|Una puntata speciale quella di questa settimana di 5giornia5stelle in vista delle elezioni regionali in Sicilia ;... http:// fb.me/93comsvFL|
|Altro|,|Elezioni regionali 2017 in Sicilia Istruzioni al voto News Agrigentotv: http:// youtu.be/blmyco9Ujto?a tramite @YouTube|
|Altro|,|Chi vince le #elezionisicilia ? #ElezioniSicilia2017 #elezionisiciliane #RegionaliSicilia #regionalisicilia2017 @sondaggiometro @SondaggiTW @RT_Sondaggi|
|Altro|,|Domani #RegionaliSicilia . Dal #Sud passa il futuro benessere del nostro Paese ma non è di questo che si è parlato: https://www. facebook.com/Informa.ixc/po sts/1200837970017862 … pic.twitter.com/mN7k02pjhq|
|Altro|,|Tanto per essere chiari Le regionali in Sicilia NON sono affatto un test per le prossime elezioni politiche lo... http:// fb.me/6ZMPJVLQd|
|Altro|,|In occasione delle imminenti elezioni regionali che si terranno in Sicilia il 5 Novembre noi di MILLENNIALS... http:// fb.me/28nDUHqxu|
|Altro|,|Risultati Elezioni Sicilia - Regionali - 5 novembre 2017 - Repubblica.it http://www. repubblica.it/static/special e/2017/elezioni/regionali/ … via @repubblicait|
|Altro|,|Oggi si conclude la campagna elettorale per le #Regionali in #Sicilia !Domani tocca a noi riscattare con il nostro vota questa terra.|
|Altro|,|Regionali Sicilia  46 milioni di cittadini alle urne. Cinque in corsa per governatore http:// larep.it/2hEZnvj|
|Altro|,|Repubblica: Regionali Sicilia  46 milioni di cittadini alle urne. Cinque in corsa per governatore http:// ift.tt/2iXRbtD #palermo|
|Altro|,|Sicilia  più di 4 milioni a urne per le elezioni Regionali : come si vota http:// fb.me/2uZcP6n8x|
|Altro|,|Elezioni regionali in Sicilia : ecco come si vota http:// stream24.ilsole24ore.com/video/notizie/ elezioni-regionali-sicilia-ecco-come-si-vota/AEyJib1C …|
|5stelle|,|#Sicilia governo #Renzi - #Berlusconi c’è già: dopo regionali pezzi #Pd pronti per Musumeci http://www. ilfattoquotidiano.it/2017/10/28/ele zioni-sicilia-governo-renzi-berlusconi-ce-gia-dopo-le-regionali-pezzi-del-pd-pronti-a-sostenere-musumeci/3941700/ … via @fattoquotidiano|
|Altro|,|Voto in Sicilia  il Pd  e lo spettro del quarto posto: Renzi trema Regionali : 800 in corsa @matteorenzi http://www. corriere.it/politica/elezi oni-regionali-sicilia-2017/notizie/voto-sicilia-pd-spettro-quarto-posto-minoranza-pronta-all-attacco-da09420a-c134-11e7-b5e5-1f34efbbc6b1.shtml …|
|Altro|,|'Regionali Sicilia  tutti i candidati provincia per provincia. http:// gds.it/2017/11/04/reg ionali-tutti-i-candidati-provincia-per-provincia_749767/ … 900 canditati per saccheggiare "l''isola del tesoro"'|
|ForzaItalia|,|#Cancelleri il candidato del #M5s in #regionalisicilia faceva il magazziniere? ditemi che non è vero..|
|Altro|,|'Elezioni regionali in Sicilia : istruzioni per l''uso. Come e quando si vota (Filodiretto Monreale) http:// bit.ly/2zjmAgf pic.twitter.com/994o7Fq2yk'|
|Altro|,|Regionali in Sicilia  chiamate alle urne 46 milioni di persone (Nuovo Sud) http:// bit.ly/2ziMDEn pic.twitter.com/pZWI4wk53A|
|5stelle|,|Regionali  Casaleggio lancia la volata ai 5 stelle: “Ho trovato una Sicilia festosa sono scaramantico e non… http:// larep.it/2zdm0kE [a]|
|Altro|,|Elezioni regionali Sicilia  dal Ponte al bollo auto. Miliardi di sprechi e solo promesse ( http:// Quotidiano.net ) http:// bit.ly/2zjVC8k pic.twitter.com/Ab12ufsGrn|
|Altro|,|Regionali  tutti i candidati provincia per provincia (Giornale di Sicilia ) http:// bit.ly/2ziqciB pic.twitter.com/Hx59CKnTRf|
|Altro|,|Domenica si vota per le regionali in #Sicilia . 5 candidati in corsa: #Cancelleri  #Fava  #Micari  #Musumeci  #LaRosa http:// ow.ly/oHHw30glOO1 pic.twitter.com/sJsHC8pzi4|
|Altro|,|Lady secondo te chi vince le elezioni regionali in Sicilia ??|
|5stelle|,|'#RegionaliSicilia #Berlusconi #Meloni e #Salvini firmano il patto dell''arancino Anche se Berlusconi avrebbe preferito quello del cannolo LR'|
|Altro|,|Regionali in Sicilia e voto social - http:// fblab.fbassociati.it/2017/11/04/reg ionali-sicilia-voto-social/ … pic.twitter.com/UvuGooGibl|
|5stelle|,|Regionali  Casaleggio lancia la volata ai 5 stelle: “Ho trovato una Sicilia festosa sono scaramantico e non dico… http:// dlvr.it/PzBLhK pic.twitter.com/8mFJG19ODg|
|Altro|,|Ho caricato un nuovo episodio "CADUTA MASSI speciale elezioni regionali Sicilia - intervista a Nicola Morra - co https://www. spreaker.com/user/moviradio /caduta-massi-speciale-elezioni-regionali_1?autoplay=1 …|
|Altro|,|Su @Internazionale le mie foto sulle regionali in Sicilia ...e un po’ di chiarezza su questa elezioni. https:// twitter.com/internazionale /status/926748683009265664 …|
|5stelle|,|Regionali  Casaleggio lancia la volata ai 5 stelle: “Ho trovato una Sicilia festosa sono scaramantico e non dico… http:// ift.tt/2h9N9hi|
|Altro|,|Ecco perché #romano ripete sempre #quarto !! #RegionaliSicilia pic.twitter.com/AkqeKa4Bo4|
|Altro|,|VIDEO - Regionali  domani la Sicilia al voto http:// bit.ly/2zdNOoW|
|Altro|,|Regionali  Casaleggio lancia la volata ai 5 stelle: “Ho trovato una Sicilia festosa sono scaramantico e non dico… http:// dlvr.it/PzBD8d pic.twitter.com/dmQw1xjWOr|
|Altro|,|Attenti a quei due Latina: regionali in Sicilia e conseguenze nel Lazio http://www. latinaquotidiano.it/attenti-a-quei -due-latina-regionali-in-sicilia-e-conseguenze-nel-lazio/ …|
|Altro|,|Come si vota per le persone con disabilita #iovoto #comevoto #possovotare #voto #elezioni #regionali #sicilia pic.twitter.com/AA4OoRdv71|
|Altro|,|'E domani in Sicilia si vota per le Regionali ... Speriamo che non ''''tutto cambi perché tutto rimanga com''è'''' (T. di Lampedusa) pic.twitter.com/fe5op5hWhX'|
|Altro|,|Elezioni regionali Sicilia : le riflessioni il voto il baratro la speranza http://www. lavocedellisola.it/2017/11/elezio ni-regionali-sicilia-le-riflessioni-voto-baratro-la-speranza/ … via @LaVocedellIsola|
|Altro|,|Quindi è evidente anche dalle parole sincere del segretario del #Pd e dall’utilizzo dell’avversativa: #Micari non è il candidato migliore nelle #elezioni regionali in #Sicilia https:// twitter.com/repubblica/sta tus/926750666285920256 …|
|Altro|,|Sicilia  più di 4 milioni a urne per Regionali : come si vota https:// goo.gl/fb/GeYF2y #costumeesocietà #photogallery|
|Altro|,|'Elezioni regionali in Sicilia : istruzioni per l''uso. Come e quando si vota - FiloDiretto http:// fb.me/7TgDsA9j2'|
|Altro|,|'Elezioni regionali in Sicilia : istruzioni per l''uso. Come e quando si vota - https://www. filodirettomonreale.it/2017/11/04/ele zioni-regionali-sicilia-come-votare/ … pic.twitter.com/b8k2iiiHRM'|
|5stelle|,|Regionali  Casaleggio lancia la volata ai 5 stelle: “Ho trovato una Sicilia festosa sono scaramantico e non dico… http:// larep.it/2hEDkF2|
|5stelle|,|Sicilia  i deputati regionali del Movimento 5 Stelle restituiscono lo stipendio - Il Fatto Quotidiano http:// fb.me/7DU7YlfzM|
|5stelle|,|Dipende tutto dai risultati finali delle votazioni regionali . E poi la cosa più importante è che la Sicilia scelga il futuro che spetta!|
|Altro|,|Sicilia  più di 4 milioni a urne per Regionali : come si vota – Grandangolo Agrigento http:// fb.me/EPeegvLB|
|Altro|,|#Regionali in #Sicilia  chiamate domani alle urne 46 milioni di persone http:// ow.ly/HUPb30glM8c #5novembre|
|Altro|,|Sicilia  elezioni regionali . Domani si vota. Ecco come Domenica 5 novembre 2017 in Sicilia si vota per eleggere... http:// fb.me/7WV24BLHG|
|Altro|,|Sicilia  elezioni regionali . Domani si vota. Ecco come Domenica 5 novembre 2017 in Sicilia si vota per eleggere... http:// fb.me/Qn3Yn9v3|
|Altro|,|Sicilia  elezioni regionali . Domani si vota. Ecco come Domenica 5 novembre 2017 in Sicilia si vota per eleggere... http:// fb.me/98W9HoVFB|
|ForzaItalia|,|Comizio di chiusura a Messina del candidato #Udc alle regionali in #Sicilia Cateno De Luca pic.twitter.com/KfvVQS6PNl|
|ForzaItalia|,|'Regionali Sicilia al rush finale. Renzi: ''Voto importante per futuro isola'' - Politica - ANSA.it ANCORA CHE PARLA STO SOGGETTO!!! BASTAAAA!'|
|ForzaItalia|,|Comizio di chiusura del candidato #Udc alle regionali in #Sicilia Giuseppe Catania #Musumecipresidente pic.twitter.com/wKaIO9EyGr|
|Altro|,|Verso le Regionali  domani si vota in Sicilia . Lotta Musumeci-Cancelleri? | EOLIE NEWS - NOTIZIARIO DELLE ISOLE... http:// fb.me/906WbtXzA|
|Altro|,|#RegionaliSicilia : scatta il silenzio elettorale domani la #Sicilia al voto http://www. infoagrigento.it/54365-regional i-2017-scatta-silenzio-elettorale-domani-la-sicilia-al-voto …|
|Altro|,|#RegionaliSicilia https:// twitter.com/Moonlightshad1 /status/926712180094984192 …|
|5stelle|,|Quando é troppo é troppo! #Salviniseiunbuffone #RegionaliSicilia #Salvini #Berlusconi #Meloni pic.twitter.com/FYXy3fxqaP|
|Altro|,|Verso le Regionali  domani si vota in Sicilia . Lotta Musumeci-Cancelleri? | EOLIE NEWS - NOTIZIARIO DELLE ISOLE... http:// fb.me/3LQ2i37fV|
|ForzaItalia|,|#ellekappa sente odor di voto e si scatena. #regionalisicilia2017 #RegionaliSicilia pic.twitter.com/9kpVrz1iUs|
|Altro|,|'Temo che il dato più disarmante sarà l''affluenza. Azzardo: più di un #siciliano su due non voterà. Spero di sbagliarmi. #RegionaliSicilia https:// twitter.com/vittoriozuccon i/status/926623950532116480 …'|
|5stelle|,|I DIPENDENTI REGIONALI DELLA SICILIA SONO 60 MILA INUTILI COME CROCETTA|
|Altro|,|Elezioni regionali in Sicilia . Quando e come si vota. Indicazioni utili per gli elettori https:// goo.gl/fhyTUd|
|5stelle|,|'#RegionaliSicilia ..un giorno vi dirò «Ve L''Avevo Detto!» Vota Tranquillamente = Cancelleri Se Non Vuoi Restare Un Idiota pic.twitter.com/OAy8LbXThN'|
|5stelle|,|… ..tutte queste facce sono state cancellate tranne 1ª Restò solo la faccia di #Cancellieri #M5s #RegionaliSicilia pic.twitter.com/1kGzH9J1L1|
|5stelle|,|#SceglieteIlFuturo #CancelleriPresidente #RegionaliSicilia pic.twitter.com/mbuYixXrPT|
|5stelle|,|#RegionaliSicilia #regionalisicilia2017 …ecco a chi dovete Votare Se rivuoi che la sicilia un giorno ti bussi …e ti da #Aiuto . pic.twitter.com/195bdvjjra|
|5stelle|,|… ..cambia tutte le città Siciliane Basta Guardare questo tweet Se ancora vuoi la #Sicilia che ti piaceva #Regionali pic.twitter.com/1Q9hJmoC85|
|5stelle|,|@ignaziocorrao sei un grande! Così si riduce la disoccupazione #RegionaliSicilia pic.twitter.com/sr01CqijGd|
|5stelle|,|+++ …campagna elettorale positiva per la #Sicilia …gli unici che cambieranno effettivamente la Sicilia #regionali pic.twitter.com/pxo73PYcHF|
|Altro|,|https:// youtu.be/rfgr9XwsFYI #Sicilia #Regionali #Elezioni|
|Altro|,|#ElezioniSicilia2017 chi sarà il nuovo presidente #ARS #regionalisicilia2017 #RegionaliSicilia|
|Altro|,|Elezioni regionali Sicilia : le riflessioni il voto il baratro la speranza... http:// fb.me/1Fv9xDsUD|
|Altro|,|Elezioni regionali Sicilia : le riflessioni il voto il baratro la speranza http://www. lavocedellisola.it/2017/11/elezio ni-regionali-sicilia-le-riflessioni-voto-baratro-la-speranza/ … pic.twitter.com/qL54Wn75cH|
|5stelle|,|Fin quando spenderanno 1200 euro x #iphoneX non potrà sorprenderci chi vota ancora #Berlusconi #Salvini #meloni ... #BeSaMe #regionaliSicilia|
|Altro|,|Elezioni Regionali in Sicilia  il 5 novembre 45 milioni di elettori alle urne... #news #Milano https:// goo.gl/a4KeiM|
|Altro|,|Regionali  tutti i candidati provincia per provincia #regionali2017 #sicilia http:// gds.it/2017/11/04/reg ionali-tutti-i-candidati-provincia-per-provincia_749767/?utm_medium=feed&utm_source=twitter.com&utm_campaign=Feed%3A+gds_twitter_feed … pic.twitter.com/cB1oQZnWE2|
|Altro|,|Elezioni Regionali in Sicilia  il 5 novembre 45 milioni di elettori alle urne http:// ift.tt/2ytoUCr|
|Altro|,|Musei Regionali in Sicilia http:// fb.me/1Iut16ZX0|
|Altro|,|Regionali Sicilia 2017 libero sondaggio - Intenzioni di voto - Caltanisset ... - https://www. caltanissettalive.it/regionali-sici lia-2017-libero-sondaggio-intenzioni-di-voto/ … #Caltanissetta #News #Informazione pic.twitter.com/J3PtRnV97K|
|Altro|,|Sicilia  elezioni regionali . Domani si vota. Ecco come http:// ift.tt/2hDDYTk #Sicilia #Notizie #Tp24|
|ForzaItalia|,|Berlusconi Salvini Meloni «patto dell&rsquo;arancino» per le Regionali in Sicilia : «È andato tutto bene vero?» http://www. corriere.it/politica/17_no vembre_03/berlusconi-salvini-meloni-siglato-patto-dell-arancino-le-regionali-sivilia-3b21f8f4-c048-11e7-8b75-0df914d10fe2.shtml … pic.twitter.com/IkhsvC1RDl|
|5stelle|,|Video – Importante appello di Alessandro Di Battista per le elezioni regionali in Sicilia del 5 novembre.... http:// fb.me/2fMa9m8uY|
|ForzaItalia|,|Elezioni regionali Sicilia  candidato 5 stelle mente su assenza di condanne: espulso da Cancellieri http:// ift.tt/2iY1U7p|
|Altro|,|'Da Riparte il Futuro " Con l''avvicinarsi del voto di domenica 5 novembre per le elezioni Regionali in Sicilia ... http:// fb.me/2hpHUuXLO'|
|Altro|,|Regionali  Renzi: “Elezioni importanti per il futuro del Sicilia  Micari il miglior candidato” (Stretto web) http:// bit.ly/2hDVOFE pic.twitter.com/8wnt0wEaND|
|Altro|,|'Regionali Sicilia  Renzi: “Voto importante per il futuro dell''Isola” (News Mondo) http:// bit.ly/2hCSRoP pic.twitter.com/7b70emmWpn'|
|Altro|,|Elezioni regionali #Sicilia 2017: candidati ultimi sondaggi e come si vota http:// flip.it/Nw4O48|
|Altro|,|Una puntata speciale quella di questa settimana di 5giornia5stelle in vista delle elezioni regionali in Sicilia ;... http:// fb.me/92lPLxdqx|
|5stelle|,|. #Sicilia  meno 1. Non votate per gli #impresentabili  non fatevi fregare. #RegionaliSicilia #SceglieteIlFuturo #CancelleriPresidente https:// twitter.com/Ilenia1970/sta tus/926584789045571585 …|
|Altro|,|Appunto si vota il 5 novembre. Ci spiegate di grazia a che serve il vs confronto il 5 sera o peggio ancora il 7 dopo #RegionaliSicilia ?|
|Altro|,|Elezioni regionali Sicilia 2017: candidati ultimi sondaggi e come si vota https://www. termometropolitico.it/1273282_elezio ni-regionali-sicilia-sondaggi.html …|
|Altro|,|Regionali Sicilia Se saliremo alla regione i primi dieci giorni faremo la Legge 800A. Verrano aboliti tutti i... http:// fb.me/14bPnjxKE|
|Altro|,|Una puntata speciale quella di questa settimana di 5giornia5stelle in vista delle elezioni regionali in Sicilia ;... http:// fb.me/1CoE9WaTG|
|5stelle|,|In #Sicilia domenica si vota ben di più delle regionali . Se vince il @Mov5Stelle significa che il cambiamento é cominciato e non si fermerà!|
|Altro|,|Regionali Sicilia  domenica 5 al voto https:// goo.gl/fb/cYDk3A|
|5stelle|,|Oddio questi fanno paura. Ma halloween non é finito??? #politici #FI #regionali #Sicilia #berlusconi #propagandalive #la7|
|Altro|,|Elezioni regionali Sicilia - Come si vota http:// fb.me/Gz9RPnDk|
|Altro|,|Regionali Sicilia : #Grillo  #DiMaio e #DiBattista a #Palermo per #Cancelleri http:// larep.it/2ysNIKv http:// larep.it/2hCJJk7 [a]|
|Altro|,|Elezioni regionali Sicilia - Come si vota http://www. rainews.it/dl/rainews/TGR /media/Elezioni-regionali-Sicilia-Come-si-vota-67ba00b4-273a-48f8-b2b2-f0e3ddf6cb1f.html … via @RaiNews|
|Altro|,|'Regionali Sicilia  domenica la sfida all''ultimo voto | Gli appelli di Musumeci Cancelleri… https:// goo.gl/fb/AAbJQW'|
|5stelle|,|Una puntata speciale quella di questa settimana di 5giornia5stelle in vista delle elezioni regionali in Sicilia ;... http:// fb.me/10OKaYT8S|
|5stelle|,|Che squallore... #Lega in #Sicilia ... Elemosinare i voti da una platea altrettanto mediocre! #regionali #propagandalive #la7|
|Altro|,|Elezioni regionali : #iovoto e sondaggi come votare in Sicilia domenica 5 novembre https://www. balarm.it/articoli/magaz ine/tra-iovoto-e-i-sondaggi-come-votare-in-sicilia-domenica-5-novembre-19737#.WfzlHfZv9tY.twitter …|
|Altro|,|#propagandalive #RegionaliSicilia per #Musumeci pic.twitter.com/52Dt1bOtNs|
|Altro|,|Bellissimo servizio adesso sulle elezioni Regionali in onda su #propagandalive #regionalisicilia2017 #Sicilia #ElezioniSicilia2017|
|Altro|,|#propagandalive #RegionaliSicilia pic.twitter.com/D5f7kYQMs3|
|Altro|,|'Elezioni regionali Sicilia  5 novembre: cosa c''è da sapere http://www. quotidiano.net/cronaca/elezio ni-regionali-sicilia-1.3502993?wt_mc=twitteruser … via @quotidianonet'|
|Altro|,|Peccato sono di erezioni regionali !! #RegionaliSicilia|
|5stelle|,|Regionali Sicilia : #Grillo  #DiMaio e #DiBattista a #Palermo per #Cancelleri http:// larep.it/2ysNIKv|
|Altro|,|'Damilano che legge Sciascia per spiegare le Regionali in Sicilia ce l''abbiamo solo noi. (Sta ritornando il clima di #Gazebo ) #PropagandaLive'|
|Altro|,|#Tg2000 La sfida per le elezioni regionali in Sicilia @PierluigiVito @luciobrunelli https:// youtu.be/TGN1ERr_VV8|
|5stelle|,|Regionali Sicilia : Grillo Di Maio e Di Battista a Palermo per Cancelleri https:// goo.gl/fb/oFc2ZV|
|Altro|,|Ma un’ora di Crozza sulla Sicilia alla vigilia delle #RegionaliSicilia che scopo ha?|
|5stelle|,|Regionali Sicilia : Grillo Di Maio e Di Battista a Palermo per Cancelleri http:// larep.it/2hCYRxZ|
|Altro|,|New post: Elezioni regionali Sicilia 2017 gli ultimi appelli dei 5 candidati http:// vivicapena.com/elezioni-regio nali-sicilia-2017-gli-ultimi-appelli-dei-5-candidati/ … http:// fb.me/yDnE2tWj|
|Altro|,|New post: Elezioni regionali Sicilia 2017 gli ultimi appelli dei 5 candidati http:// vivicapena.com/elezioni-regio nali-sicilia-2017-gli-ultimi-appelli-dei-5-candidati/ …|
|5stelle|,|#RegionaliSicilia "CANNOLI SICILIANI"(EBaraldi) Intervista a #Cuffaro su "cuffarismo" e sistema di potere in Sicilia :Vincerà il centrodestra pic.twitter.com/ibdoaQv7XT|
|Altro|,|Regionali in Sicilia  Micari a rischio ineleggibilità: il candidato dem non s… http://www. lanotiziagiornale.it/regionali-in-s icilia-micari-a-rischio-ineleggibilita-il-candidato-dem-non-si-e-dimesso-da-rettore-ma-la-legge-non-lo-consente-il-caso-in-parlamento/ …  see more http:// tweetedtimes.com/deegibons?s=tnp|
|ForzaItalia|,|Regionali Sicilia  Berlusconi a Catania: "Niente tasse per i siciliani che tornano a casa" Giovanni Affatigato... http:// fb.me/zWqqq2D4|
|Altro|,|Regionali in Sicilia  Micari a rischio ineleggibilità: il candidato dem non si è dimesso da rettore. https:// twitter.com/GiuliaDiVita/s tatus/926422883831812096 …|
|5stelle|,|Regionali Sicilia  i big M5s a Palermo in sostegno di Cancelleri http:// larep.it/2hCjpH6|
|Altro|,|Elezioni regionali Sicilia 2017: candidati ultimi sondaggi e come si vota https:// lnkd.in/gDwHk89|
|Altro|,|Elezioni regionali Sicilia 2017: candidati ultimi sondaggi e come si vota https://www. termometropolitico.it/1273282_elezio ni-regionali-sicilia-sondaggi.html …|
|5stelle|,|Regionali  Casaleggio lancia la volata ai 5 stelle: “Ho trovato una Sicilia festosa sono scarama… http:// palermo.repubblica.it/politica/2017/ 11/03/news/regionali_casaleggio_lancia_volata_ai_5_stelle_ho_trovato_una_sicilia_festosa_sono_scaramantico_e_non_dico_altro_-180165267/ … via @repubblica|
|ForzaItalia|,|ELEZIONI REGIONALI SICILIA : scommetto sul flop dei 5Stelle. chi scommette? #elezionisicilia #ElezioniSicilia2017 #elezionisiciliane #Grillo|
|5stelle|,|#regionali #Sicilia #impresentabili #mensiles #esse #ars #politics @Via Etnea Catania (CCN) https://www. instagram.com/p/BbC5pbODXxr/|
|Altro|,|Sicilia . 17.000 dipendenti regionali . http:// palermo.repubblica.it/politica/2017/ 11/03/news/crocetta_scrive_ai_dipendenti_regionali_tanti_momenti_di_tensione_mai_mi_sono_intromesso_nel_vostro_lavoro_-180129456/ …|
|5stelle|,|#Sicilia #impresentabili #mensiles #speciale #Sicilia #regionali @Via Etnea Catania (CCN) https://www. instagram.com/p/BbC3QG4jMHW/|
|5stelle|,|Chi ama la sua terra non può che votare il #M5S #Regionali #Sicilia pic.twitter.com/gv3CQWhCeI|
|5stelle|,|Regionali Sicilia / Sgarbi: “Viva Cancelleri! Viva Cancelleri!” https://www. youtube.com/watch?v=siR1V1 ChP3g&feature=share …|
|Altro|,|#Elezioni regionali : #iovoto e #sondaggi  come votare in #Sicilia domenica 5 novembre https:// goo.gl/bHy2kk|
|Altro|,|Elezioni regionali Sicilia 2017 gli ultimi appelli dei 5 candidati http:// sky.tg/nKH6s #politica|
|Altro|,|Non so come finiranno le regionali in Sicilia ma prevedo una figura di merda a carattere nazionale|
|Altro|,|#M5S Stasera chiusura della campagna elettorale per le elezioni regionali in #Sicilia in Piazza Verdi a #Palermo .... http:// fb.me/ACLwA9Zp|
|Altro|,|Chiusura campagna elettorale di @claudiofava1 #regionalisicilia pic.twitter.com/0vDQzRVqOu|
|5stelle|,|Regionali  Casaleggio lancia la volata ai 5 stelle: “Ho trovato una Sicilia festosa sono scaramantico e non dico… http:// larep.it/2hCz74K|
|Altro|,|Elezioni Regionali di domenica: in cinque per la carica di Governatore della Sicilia http://www. lagazzettadelcalatino.it/elezioni-regio nali-di-domenica-in-cinque-per-la-carica-di-governatore-della-sicilia … pic.twitter.com/Nx4ipGhRAr|
|5stelle|,|Regionali  Casaleggio lancia la volata ai 5 stelle: “Ho trovato una Sicilia festosa sono scaramantico e non dico… http:// larep.it/2hCz74K|
|ForzaItalia|,|'Sull''onda della campagna elettorale di Nello #Musumeci per le #regionalisicilia il #centrodestra vola al 34%: http://www. centro-destra.it/wordpress/sici lia-centrodestra-sondaggi-musumeci/ … pic.twitter.com/P52RdN82W9'|
|Altro|,|Regionali Sicilia  corsa a cinque per la presidenza http:// ilfendente.altervista.org/news/regionali -sicilia-corsa-a-cinque-per-la-presidenza/ …|
|Altro|,|#ElezioniSicilia2017 #Musumecipresidente #MicariPresidente #favapresidente #CancelleriPresidente #regionalisicilia|
|ForzaItalia|,|Elezioni regionali in Sicilia  nasce il patto dell’arancino tra i leader del centrodestra https:// voce.com.ve/2017/11/03/275 623/sicilia-patto-arancino-berlusconi-salvini-meloni/ …|
|ForzaItalia|,|se affondano alle regionali in Sicilia di sicuro e allora sarà fuggi fuggi...|
|Altro|,|'Elezioni regionali Sicilia  5 novembre: cosa c''è da sapere http://www. quotidiano.net/cronaca/elezio ni-regionali-sicilia-1.3502993?wt_mc=twitteruser … via @quotidianonet'|
|Altro|,|'La Sicilia al Voto. Regionali  Parisi a Comiso a sostegno dell''On. Assenza https:// youtu.be/Rw8OQIll4-U via @YouTube'|
|Altro|,|Ecco per chi vuoterò alle elezioni regionali in Sicilia http://www. maredolce.com/2017/11/03/vuo tero-alle-elezioni-regionali-sicilia/ …|
|Altro|,|'Elezioni regionali Sicilia  5 novembre: cosa c''è da sapere http://www. quotidiano.net/cronaca/elezio ni-regionali-sicilia-1.3502993?wt_mc=twitteruser … via @quotidianonet'|
|Altro|,|VIDEO - Regionali in Sicilia  oggi i comizi finali http:// bit.ly/2hByhp1|
|ForzaItalia|,|Regionali : Berlusconi e Cuffaro Pregiudicati Musumeci l’Onesto Lombardo Condannato Uniti Salveranno la Sicilia ? http:// laspiapress.com/regionali-ulti mo-atto-berlusconi-pregiudicato-musumeci-lonesto-cuffaro-e-lombardo-condannati-pronti-a-salvare-la-sicilia/ …|
|5stelle|,|Repubblica: Regionali  Casaleggio lancia la volata ai 5 stelle: “Ho trovato una Sicilia festosa sono scaramantico e non dico altro “ …|
|5stelle|,|Regionali  Casaleggio lancia la volata ai 5 stelle: “Ho trovato una Sicilia festosa sono scaramantico e non dico… http:// larep.it/2zbXmRi|
|5stelle|,|Regionali  Casaleggio lancia la volata ai 5 stelle: “Ho trovato una Sicilia festosa sono scaramantico e non dico… http:// ift.tt/2h9N9hi|
|Altro|,|#Sicilia : #elezioni #regionali e difesa della famiglia http:// alleanzacattolica.org/sicilia-elezio ni-regionali-difesa-della-famiglia/ …|
|Altro|,|E inoltre: i seggi per le #RegionaliSicilia saranno aperti dalle 8 alle 22 quelli per il municipio di Ostia invece dalle 7 alle 23 https:// twitter.com/you_trend/stat us/926075140529586176 …|
|Altro|,|'Retweeted paolabenedetta manca ( @pbenedettamanca ): #Elezioni #regionali #Sicilia  5 novembre: cosa c''è da sapere... http:// fb.me/2eUKyM135'|
|Altro|,|Sicilia : elezioni regionali e difesa della famiglia - Alleanza Cattolica http:// alleanzacattolica.org/sicilia-elezio ni-regionali-difesa-della-famiglia/ …|
|Altro|,|'#Elezioni #regionali #Sicilia  5 novembre: cosa c''è da sapere http://www. quotidiano.net/cronaca/elezio ni-regionali-sicilia-1.3502993?wt_mc=twitteruser … @ettoremaria @rosalbacarbutti @ASuddiTunisi'|
|Altro|,|'Elezioni regionali Sicilia  5 novembre: cosa c''è da sapere - QuotidianoNet http:// fb.me/7VyjYXlF7'|
|Altro|,|Regionali Sicilia : corsa a cinque per la presidenza http://www. agora24.it/2017/11/region ali-sicilia-corsa-cinque-la-presidenza/ … pic.twitter.com/npFRx1yDds|
|5stelle|,|Puntuali alla vigilia di una consultazione elettorale arrivano i falsi endorsement #M5S #regionalisicilia2017 #RegionaliSicilia #FakeNews pic.twitter.com/pzi4JLBCJB|
|5stelle|,|'#Crocetta : “Sicuramente nella lista di #Cancelleri che trovo simpatico non trovo gli impresentabili e questo è un fatto positivo mentre in quelle di #Musumeci che è livoroso c''è un vecchio sistema di potere”. #regionalisicilia2017 #RegionaliSicilia pic.twitter.com/ExcpGKW9Qm'|
|Altro|,|Elezioni regionali  questa sera Stefano Pellegrino suona con i giovani marsalesi http:// ift.tt/2zuf7Mx #Sicilia #Notizie #Tp24|
|Altro|,|'Elezioni regionali  Mimmo Turano incontra gli elettori all''Hotel Haltea di Castelvetrano http:// ift.tt/2zh1xuI #Sicilia #Notizie #Tp24'|
|ForzaItalia|,|. @AntonioIngroia : @berlusconi RICATTATO da #CosaNostra #elezionisicilia #regionalisicilia2017 #RegionaliSicilia #regionali #leggeElettorale pic.twitter.com/lKjrhdXK0a|
|Altro|,|#Sicilia  @civati : «Con Regionali inizia nuova storia a #sinistra » https://www. possibile.com/sicilia-civati -regionali-inizia-nuova-storia-sinistra/ …|
|Altro|,|Elezioni regionali  Paolo Ruggieri chiude la campagna elettorale al comitato di via Roma http:// ift.tt/2irIZOo #Sicilia #Notizie #Tp24|
|Altro|,|'@blogsicilia RegionaliSicilia .Renzi:“Seguito ‘ModelloPalermo’ con Micari”.Sotto potete vedere in tutto il suo splendore il ''ModelloPalermo'' pic.twitter.com/kVIoaNB8PE'|
|Altro|,|Sicilia : elezioni regionali e difesa della famiglia - Alleanza Cattolica http:// fb.me/14wnB4FFn|
|5stelle|,|Chi ama la sua terra non può che votare il #M5S #Regionali #Sicilia https://www. instagram.com/p/BbCee1onbbR/|
|Altro|,|Regionali Sicilia : Micari sullo Stretto di Messina con imprenditori e giovani http:// larep.it/2hB8Tzy|
|Altro|,|http://www. treccani.it/magazine/atlan te/geopolitica/Elezioni_regionali_in_Sicilia_Per_cosa_e_come_si_votera.html?utm_source=newsletter&utm_medium=email&utm_campaign=pem … Anche la Treccani fornisce indicazioni sul voto in Sicilia #elezionisicilia #regionalisicilia2017 #RegionaliSicilia|
|Altro|,|Regionali Sicilia : Micari sullo Stretto di Messina con imprenditori e giovani http:// ift.tt/2zuOTcH|
|Altro|,|Repubblica: Regionali Sicilia : Micari sullo Stretto di Messina con imprenditori e giovani http:// ift.tt/2zuOTcH #palermo|
|Altro|,|Regionali Sicilia : Micari sullo Stretto di Messina con imprenditori e giovani http:// ift.tt/2zuOTcH|
|ForzaItalia|,|#Berlusconi  #DellUtri e la morte di Mattei http:// dai.ly/x2e551l #elezionisicilia #regionalisicilia2017 #RegionaliSicilia #regionali|
|ForzaItalia|,|Alle prossime #elezioni regionali in #Sicilia del 5 novembre FAI VINCERE IL TUO FUTURO! VOTA #UDC ! #Sicilia2017 #Musumecipresidente pic.twitter.com/CnSQpwI7GM|
|ForzaItalia|,|Alle prossime #elezioni regionali in #Sicilia del 5 novembre FAI VINCERE IL TUO FUTURO! VOTA #UDC ! #Sicilia2017 #Musumecipresidente pic.twitter.com/WZjXnzJh06|
|ForzaItalia|,|Dopo regionali Sicilia vedremo consolidamento di CDX con Regia @Berlusconi e di @mov5stelle a guida @luigidimaio . @pdnetwork reagirà?|
|5stelle|,|Guarda " Regionali Sicilia / Sgarbi: “Viva Cancelleri! Viva Cancelleri!”" su YouTube https:// youtu.be/siR1V1ChP3g|
|5stelle|,|Questa storia di Di Maio che invita Renzi a un dibattito mentre Berlusconi sta vincendo le regionali in Sicilia ... http:// fb.me/Ag0boolq|
|Altro|,|Cuore di mamma #RegionaliSicilia http:// palermo.repubblica.it/politica/2017/ 11/03/news/elezioni_sicilia_trapani_ginecologa_ospedaliera_scrive_alle_pazienti_votate_per_mio_figlio_-180122792/ … via @repubblica|
|Altro|,|'L''intervento di @carlaruocco1 su: #RegionaliSicilia Il #podcast su: http://www. tag24.it/podcast/carla- ruocco-m5s-regionali-sicilia/ … #regionalisicilia2017 pic.twitter.com/uyiE5NYeH3'|
|Altro|,|'Regionali Sicilia al rush finale. Renzi: ''Voto importante per futuro isola'': Grillo e Di Maio con Cancelleri a… http:// dlvr.it/Pz3WMr'|
|Altro|,|Ultimi comizi in #Sicilia prima del voto per le #Regionali di domenica. Conduce Lavinia Spingardi commentate con #TG24Pomeriggio . pic.twitter.com/s1hBSZWHz7|
|Altro|,|Musei Regionali in Sicilia - https://www. google.com/maps/d/viewer? mid=1rupR01JKpidxwdC2inzI-e1ULIE&hl=it&usp=sharing …|
|Altro|,|La campagna elettorale per le elezioni regionali in Sicilia è giunta al termine ma non per i Social: http:// bit.ly/2zcRvsO|
|Altro|,|La campagna elettorale per le elezioni regionali in Sicilia è giunta al termine ma non per i Social: http:// bit.ly/2xXYFja|
|Altro|,|Domenica e Lunedì #maratonaRS Una diretta No-Stop per raccontarvi le Elezioni Regionali Sicilia . http:// fb.me/LW6sSBdn|
|Altro|,|'Elezioni regionali Sicilia : linguaggio ''colorito'' della campagna elettorale http:// it.blastingnews.com/opinioni/2017/ 11/elezioni-regionali-sicilia-linguaggio-colorito-della-campagna-elettorale-002138217.html …'|
|5stelle|,|'Perchè #Berlusconi condannato indagato 81 anni è ancora sulla scena politica e promette l''impossibile? Perchè Giuseppe #Graviano dal carcere non ha tenuto la bocca chiusa. #elezionisicilia #regionalisicilia2017 #RegionaliSicilia #regionali Stretto #3novembre pic.twitter.com/PLBrM2jWqZ'|
|Altro|,|Tra circa 58 ore avremo il primo antipasto della disfatta pdiota con le elezioni regionali in Sicilia ...|
|Altro|,|Regionali  palchi divisi per centrodestra ma poi tutti a tavola (La Sicilia ) http:// bit.ly/2hCIeCN pic.twitter.com/ELKSMVbIVG|
|Altro|,|Chi vincerà in #Sicilia alle elezioni #regionalisicilia2017 ? #RegionaliSicilia|
|Altro|,|Check out my Elezioni Regionali Sicilia 2017: le affissioni a Palermo gallery http:// bit.ly/2ztxK2S|
|Altro|,|Elezioni regionali  appello al voto di Baldo Gucciardi http:// ift.tt/2AgHHhi #Sicilia #Notizie #Tp24|
|Altro|,|'Regionali Sicilia al rush finale. Renzi: ''Voto importante per futuro isola'': Grillo e Di Maio con Cancelleri a… http://www. ansa.it/sito/notizie/p olitica/2017/11/03/regionali-sicilia-al-rush-finale-gli-ultimi-appelli_683d603d-4dbb-4186-bbf8-2c60b2b63bb4.html … pic.twitter.com/nxET5NmxTF'|
|Altro|,|Domenica 5 Novembre urne aperte in Sicilia per le elezioni regionali .|
|Altro|,|Sicilia  Civati: «Con Regionali inizia nuova storia a sinistra» http:// dlvr.it/Pz2yZp pic.twitter.com/1wS2Yol7T3|
|ForzaItalia|,|Retweeted Enrico Cappelletti ( @e_cappelletti ): Elezioni regionali in Sicilia : i cittadini sceglieranno se... http:// fb.me/3QL1b0eOP|
|Altro|,|Elezioni regionali Sicilia 2017 come e quando si vota https:// goo.gl/fb/21pgL9|
|Altro|,|Regionali Sicilia al rush finale gli ultimi appelli https:// goo.gl/fb/93rCWh|
|Altro|,|Alla vigilia delle regionali in Sicilia  una vignetta di Davide Racca per Carteggi Letterari.... http:// fb.me/FOaH7Uu3|
|Altro|,|Regionali Sicilia al rush finale gli ultimi appelli https:// goo.gl/fb/3LWE7c #thexeon|
|5stelle|,|Regionali in Sicilia : M5S "Micari a rischio ineleggibilità non si è dimesso da rettore" - http://www. lagazzettaennese.it/2017/11/region ali-in-sicilia-m5s-micari-a-rischio-ineleggibilita-non-si-e-dimesso-da-rettore/ … pic.twitter.com/VRBNZLFRUq|
|Altro|,|Regionali Sicilia : i precedenti e le aspettative dei partiti - http://www. lagazzettaennese.it/2017/11/region ali-sicilia-i-precedenti-e-le-aspettative-dei-partiti/ … pic.twitter.com/FIjKfthxJL|
|Altro|,|Elezioni Regionali Sicilia 2017 - LIVE BLOG http://www. ansa.it/sito/notizie/p olitica/2017/11/02/elezioni-regionali-sicilia-2017-live-blog_b8fbb067-dd66-4d3d-9557-20fd357920bf.html … pic.twitter.com/7pHRfPioiO|
|Altro|,|Rai la programmazione per le regionali in Sicilia #Yahoo ! Italia - Notizie #Finanza https://www. dukascopy.com/refpro/in.php? aHR0cHM6Ly93d3cuZHVrYXNjb3B5LmNvbS9meHNwaWRlci9pdC81MDk3MTM1MDcwNTg3Nzc5NjY5Lz91dG1fc291cmNlPXR3aXR0ZXImdXRtX21lZGl1bT1zb2NpYWwmdXRtX2NhbXBhaWduPWZ4c3BpZGVyJTIwdHdpdHRlciUyMHBvc3RpbmcKc3BwLXR3LVNwaWRJVA== …|
|Altro|,|Regionali Sicilia al rush finale gli ultimi appelli https:// goo.gl/fb/GHvtLW|
|Altro|,|Elezioni Regionali Sicilia 2017 - LIVE BLOG http://www. ansa.it/sito/notizie/p olitica/2017/11/02/elezioni-regionali-sicilia-2017-live-blog_b8fbb067-dd66-4d3d-9557-20fd357920bf.html … pic.twitter.com/sIvZgRUYbm|
|Altro|,|Elezioni Regionali Sicilia 2017 - LIVE BLOG http://www. ansa.it/sito/notizie/p olitica/2017/11/02/elezioni-regionali-sicilia-2017-live-blog_b8fbb067-dd66-4d3d-9557-20fd357920bf.html … pic.twitter.com/TMnTxOCajY|
|5stelle|,|Preferisco pagare le mie oneste tasse che tornare in un paese che rivota questo criminale #berlusconi #forzaitalia #regionali #sicilia https:// twitter.com/repubblica/sta tus/926148450986504192 …|
|ForzaItalia|,|#astensione #astensione #regionali #Sicilia #Sicily #Catania #voto #sappiatelo #politics @… https://www. instagram.com/p/BbCIg6zj3a5/|
|Altro|,|Regionali Sicilia : i precedenti e le aspettative dei partiti https:// goo.gl/fb/vkdw6V|
|Altro|,|Regionali Sicilia : i precedenti e le aspettative dei partiti https:// goo.gl/fb/6zpoje|
|Altro|,|Elezioni regionali  appello al voto di Paolo Ruggirello http:// ift.tt/2hz4xsS #Sicilia #Notizie #Tp24|
|ForzaItalia|,|Il pienone di #Berlusconi in #Sicilia #elezionisicilia #MusumeciPresidente #RegionaliSicilia #Catania #Palermo http:// meridionews.it/articolo/60171 /berlusconi-torna-a-catania-e-fa-il-pienone-alle-ciminiere-il-ponte-piano-marshall-e-anche-un-casino-a-taormina/ … pic.twitter.com/zxOTwNCuGk|
|ForzaItalia|,|#regionalisicilia "Benvenuti nel centrodestra dell’uomo delle stelle" La cena delle beffe alla trattoriadelCavaliere https:// infosannio.wordpress.com/2017/11/03/la- cena-delle-beffe-alla-trattoria-del-cavaliere/ …|
|Altro|,|El próximo 5 de noviembre #Sicilia elige a su nuevo Presidente y parlamento regional con la vista puesta en las elecciones italianas de 2018 pic.twitter.com/EZff1HGwws|
|Altro|,|Regionali in Sicilia  Micari a rischio ineleggibilità: il candidato dem non si è dimesso da rettore. http://www. lanotiziagiornale.it/regionali-in-s icilia-micari-a-rischio-ineleggibilita-il-candidato-dem-non-si-e-dimesso-da-rettore-ma-la-legge-non-lo-consente-il-caso-in-parlamento/#.WfxeDTJ7OD4.twitter …|
|5stelle|,|#RegionaliSicilia #M5S disonesti perché incapaci Ecco i veri impresentabili @VittorioSgarbi @Musumeci_Staff @FratellidItaIia @forza_italia pic.twitter.com/Po26kF1HOz|
|Altro|,|Elezioni regionali : quando e come si vota in Sicilia . TUTTE LE INFO http:// fb.me/1HtZwQytN|
|ForzaItalia|,|Regionali Sicilia  un condannato nella lista M5s. Cancelleri: Ciappina ci ha mentito è fuori- http:// notizieoggi.com/?p=214452|
|ForzaItalia|,|'Regionali Sicilia  Berlusconi Salvini e Meloni a cena: "Il patto dell''arancino". Il video http:// bit.ly/2yruxRz pic.twitter.com/0tLyMGTryd'|
|Altro|,|Regionali Sicilia : i precedenti e le aspettative dei partiti http:// ow.ly/e8ip50eYmCE|
|5stelle|,|Regionali Sicilia / Sgarbi: “Viva Cancelleri! Viva Cancelleri!” http:// fb.me/6JseTVQP5|
|Altro|,|ANSA Sicilia : Regionali Sicilia : i precedenti e le aspettative dei partiti http:// ift.tt/2A38eho #sicilia|
|5stelle|,|'Regionali Sicilia  lezione all''università a 3 giorni dal voto per il deputato grillino http:// larep.it/2hzOH1i'|
|ForzaItalia|,|Regionali Sicilia : i precedenti e le aspettative dei partiti. Storicamente ha sorriso a centrodestra ma dal 2013 … http:// ift.tt/2A38eho|
|ForzaItalia|,|La cena dell’arancino. #RegionaliSicilia pic.twitter.com/wSZfl2ZwTT|
|Altro|,|Regionali Sicilia 2017 guida al voto https:// goo.gl/fb/mVcsQx #thexeon|
|Altro|,|REGIONALI  RUSH FINALE IN SICILIA : http:// youtu.be/wBxKgsy4eTE?a tramite @YouTube|
|Altro|,|Ho aggiunto un video a una playlist di @YouTube : http:// youtu.be/wBxKgsy4eTE?a REGIONALI  RUSH FINALE IN SICILIA|
|ForzaItalia|,|#RegionaliSicilia Cancelleri Giovanni Carlo detto Giancarlo detto Cancelleri. Volete mettere pure il nomignolo con cui lo chiama la madre? pic.twitter.com/LaRUAVYswg|
|Altro|,|Elezioni Sicilia  il governo Renzi-Berlusconi c’è già: dopo le regionali pezzi del Pd pronti a sostenere Musumeci http://www. ilfattoquotidiano.it/2017/10/28/ele zioni-sicilia-governo-renzi-berlusconi-ce-gia-dopo-le-regionali-pezzi-del-pd-pronti-a-sostenere-musumeci/3941700/ …|
|ForzaItalia|,|'#RegionaliSicilia  Patto dell''Arancinotra Salvini Berlusconi e Meloni. A cena tanti sorrisi ma Salvini rimanda discussioni dopo elezioni pic.twitter.com/mmvz4SPtjm'|
|ForzaItalia|,|Regionali Sicilia  un condannato nella lista M5s. Cancelleri: Ciappina ci ha mentito è fuori @LaStampa http://www. lastampa.it/2017/11/02/ita lia/politica/sicilia-un-condannato-nella-lista-ms-gionata-ciappina-zIj2rvTHBKAAopoiFvCkyH/pagina.html …|
|Altro|,|Regionali Sicilia  tutto quello da sapere per il voto di domenica articolo di Palermomania.it https://www. palermomania.it/news/cronaca-e -politica/regionali-sicilia-tutto-quello-da-sapere-per-il-voto-di-domenica-95367.html#.WfxDKweEJ7g.twitter …|
|ForzaItalia|,|Regionali Sicilia  Berlusconi a Palermo: “No a M5s chi li vota non ragiona”- http:// notizieoggi.com/?p=214338|
|Altro|,|Regionali  Riccardo Gallo: “Armao preziosa occasione a soluzione precariato in Sicilia ” – Grandangolo Agrigento http:// fb.me/6gMakwPG1|
|Altro|,|Regionali  Riccardo Gallo: “Armao preziosa occasione a soluzione precariato in Sicilia ” - http://www. grandangoloagrigento.it/regionali-ricc ardo-gallo-armao-preziosa-occasione-a-soluzione-precariato-in-sicilia/ …|
|5stelle|,|Regionali Sicilia / Sgarbi: “Viva Cancelleri! Viva Cancelleri!” https:// youtu.be/siR1V1ChP3g via @YouTube|
|Altro|,|Regionali  #Gallo : "Con #Armao soluzione del #precariato in #Sicilia ": https:// goo.gl/8ghqaW @gaearmao #EleSicilia #Sicilia2017|
|Altro|,|#RegionaliSicilia Il diario #politico tra comizi e polemiche #oggiinedicola pic.twitter.com/u7OXKwcaSW|
|Altro|,|Regionali Sicilia 2017 come e dove richiedere la tessera elettorale http:// ift.tt/2hzhfaT|
|Altro|,|chi votereste domenica alle regionali in sicilia ? #lariachetira #tagadala7 #agorarai #dallavostraparte #omnibusla7|
|Altro|,|Regionali  Gallo: "Con Armao soluzione del precariato in Sicilia " http:// dlvr.it/Pz0xrq pic.twitter.com/zaAsAM05zx|
|ForzaItalia|,|A #Catania per chiusura della campagna elettorale regionali #Sicilia del centrodestra con @matteosalvinimi @GiorgiaMeloni @berlusconi pic.twitter.com/hNrBVlzXZB|
|Altro|,|Palermo Today: Regionali Sicilia 2017 come e dove richiedere la tessera elettorale http:// ift.tt/2hzhfaT #palermo|
|Altro|,|Regionali  Riccardo Gallo: “Armao preziosa occasione a soluzione precariato in Sicilia ” – Grandangolo Agrigento http:// fb.me/XOVEOdYm|
|Altro|,|Regionali Sicilia 2017 come e dove richiedere la tessera elettorale http://www. mondopalermo.it/news/regionali -sicilia-2017-come-e-dove-richiedere-la-tessera-elettorale/ …|
|5stelle|,|Regionali Sicilia / Sgarbi: “Viva Cancelleri! Viva Cancelleri!”: http:// youtu.be/siR1V1ChP3g?a tramite @YouTube|
|Altro|,|Regionali Sicilia 2017 come e dove richiedere la tessera elettorale http:// dlvr.it/Pz0vQ6 pic.twitter.com/BomzemXWDs|
|Altro|,|'Lunedì mattina sarò ospite del TGS per commentare in diretta lo spoglio delle Elezioni Regionali Sicilia 2017! Ringrazio @GDS_it x l''invito!'|
|Altro|,|#5novembre #DomenicalMuseo Gratis #musei regionali #Sicilia https:// goo.gl/qTgYCe #VisitSicilyinfo ph P Balistr… https:// twitter.com/VisitSicilyOP/ status/926376786858037248 … ) pic.twitter.com/l5hW1rGAuO|
|Altro|,|#VisitSicilyOP : #5novembre #DomenicalMuseo Gratis #musei regionali #Sicilia https:// goo.gl/qTgYCe #VisitSicilyi … https:// twitter.com/i/web/status/9 26376786858037248 …|
|ForzaItalia|,|#Catania Regionali in Sicilia : Silvio Meloni e Salvini allo stesso tavolo "Trattoria del Cavaliere" GUARDA LE FOTO http://www. lasiciliaweb.it/fotogalleria/1 55068 … pic.twitter.com/AiZaVCfLfE|
|Altro|,|#5novembre #DomenicalMuseo Gratis #musei regionali #Sicilia https:// goo.gl/qTgYCe #VisitSicilyinfo ph P Balistreri exStabFlorio #Egadi pic.twitter.com/kctjTzwHvp|
|Altro|,|#5novembre - Elezioni regionali in #Sicilia . Per cosa e come si voterà http://www. treccani.it/magazine/atlan te/geopolitica/Elezioni_regionali_in_Sicilia_Per_cosa_e_come_si_votera.html … pic.twitter.com/xxeg2Uc4Z5|
|Altro|,|#regionalisicilia #musumecipresidente Questa mattina alle 1130 a Comiso con Giorgio Assenza. @stampasgarbi @Lasiciliaweb pic.twitter.com/Ju5u7YTRX3|
|Altro|,|A lavorare come ogni giorno aspetto lunedi con interessa aspetto lesito delle elezioni regionali in sicilia ... http:// fb.me/K8aXXcrf|
|5stelle|,|Regionali in #Sicilia  #Micari a rischio ineleggibilità. Il caso sollevato da @GiuliaDiVita e @Chiara_DiBe http://www. lanotiziagiornale.it/regionali-in-s icilia-micari-a-rischio-ineleggibilita-il-candidato-dem-non-si-e-dimesso-da-rettore-ma-la-legge-non-lo-consente-il-caso-in-parlamento/#.WfwvXFsu8Ng.twitter …|
|ForzaItalia|,|'Regionali in Sicilia  grillino fa volantinaggio a convention Berlusconi: ''Voglio convertirli'' https:// video.repubblica.it/edizione/paler mo/regionali-in-sicilia-grillino-fa-volantinaggio-a-convention-berlusconi-voglio-convertirli/288724/289330 … via @repubblica'|
|ForzaItalia|,|Elezioni regionali  lettera aperta ai cittadini di Eleonora Lo Curto http:// ift.tt/2zeiIx7 #Sicilia #Notizie #Tp24|
|ForzaItalia|,|Elezioni regionali in Sicilia : i cittadini sceglieranno se portare la regione nel futuro o nel.... trapassato... http:// fb.me/7fNbP3w2o|
|Altro|,|Non solo #Sicilia . Con #Lombardia e #Lazio nel 2018 al voto sette regioni #regionali http://www. ilsole24ore.com/art/notizie/20 17-11-02/non-solo-sicilia-lombardia-e-lazio-2018-voto-sette-regioni-153301.shtml?uuid=AEWck81C …|
|Altro|,|Elezioni Regionali Sicilia 2017 - LIVE BLOG http://www. ansa.it/sito/notizie/p olitica/2017/11/02/elezioni-regionali-sicilia-2017-live-blog_b8fbb067-dd66-4d3d-9557-20fd357920bf.html … pic.twitter.com/r6nbceG4co|
|Altro|,|Se i big dei mercati guardano alla #Sicilia #M5S #Regionali @isa_bufacchi http://www. ilsole24ore.com/art/notizie/20 17-11-02/se-big-mercati-guardano-sicilia-214844.shtml?uuid=AEiKmK2C …|
|5stelle|,|Regionali Sicilia  Berlusconi "Niente tasse per i siciliani che tornano a casa" : solo gli idioti possono credere a queste scemenze|
|Altro|,|'Verso le Regionali  Maria Falcone a "Radio Anch''io": "Campagna elettorale violenta" | il Sito di Sicilia http:// fb.me/1ImccmdTw'|
|5stelle|,|Intrighi candidati impresentabili e pupari occulti: ecco a voi le elezioni regionali in Sicilia http:// espresso.repubblica.it/palazzo/2017/1 0/27/news/intrighi-candidati-impresentabili-e-pupari-occulti-ecco-a-voi-le-elezioni-regionali-in-sicilia-1.312960 …|
|Altro|,|Scopri la mappa dei musei regionali in Sicilia https://www. google.com/mymaps/viewer? mid=1rupR01JKpidxwdC2inzI-e1ULIE&hl=it … pic.twitter.com/W2ny7BIcp1|
|Altro|,|Quando nessuno li ascolta più si rivolgono al Buon Gesù #RegionaliSicilia|
|ForzaItalia|,|Regionali Sicilia  Berlusconi a Catania: "Niente tasse per i siciliani che tornano a casa" http:// palermo.repubblica.it/politica/2017/ 11/02/news/regionali_sicilia_berlusconi_a_catania_niente_tasse_per_i_siciliani_che_tornano_a_casa_-180066928/ … via @repubblica ALLEGRIA!|
|Altro|,|Regionali Sicilia  CasaPound si astiene: “E’ solo un miserabile teatrino” https:// secolo-trentino.com/politica/regio nali-sicilia-casapound-si-astiene-e-solo-un-miserabile-teatrino/ … pic.twitter.com/H3IjbYdrrP|
|Altro|,|Elezioni Regionali Sicilia 2017: si vota domenica 5 novembre http://www. giurdanella.it/copertina/elez ioni-regionali-sicilia-2017-si-vota-domenica-5-novembre/ … pic.twitter.com/0RMkYunY10|
|Altro|,|Elezioni regionali  Stefano Pellegrino chiude la campagna elettorale a Porta Nuova http:// ift.tt/2xRQrJd #Sicilia #Notizie #Tp24|
|5stelle|,|Berlusconi Salvini Meloni «patto dell’arancino» per le Regionali in Sicilia : «È andato tutto bene vero?» http://www. corriere.it/politica/17_no vembre_03/berlusconi-salvini-meloni-siglato-patto-dell-arancino-le-regionali-sivilia-3b21f8f4-c048-11e7-8b75-0df914d10fe2.shtml …|
|Altro|,|Mentana ieri sera "sbavava". Improvvisamente le elezioni regionali in Sicilia sono passate in secondo piano in confronto a questo EVENTO|
|ForzaItalia|,|Regionali Sicilia  Berlusconi: "5 Stelle giustizialisti e opportunisti" http://www. lapresse.it/video/regional i-sicilia-berlusconi-5-stelle-giustizialisti-e-opportunisti.html …|
|5stelle|,|Mi auguro per i siciliani uno scatto di dignità. #RegionaliSicilia|
|Altro|,|Ora in diretta a @omnibusla7 : parliamo di #RegionaliSicilia  supermedia dei sondaggi #Rosatellum e mappe dei collegi... #omnibusla7|
|Altro|,|Elezioni regionali  lettera aperta agli elettori di Paolo Ruggieri http:// ift.tt/2z8TMFl #Sicilia #Notizie #Tp24|
|ForzaItalia|,|Regionali Sicilia  Berlusconi a Catania: "Niente tasse per i siciliani che tornano a casa" http:// palermo.repubblica.it/politica/2017/ 11/02/news/regionali_sicilia_berlusconi_a_catania_niente_tasse_per_i_siciliani_che_tornano_a_casa_-180066928/ … via @repubblica|
|Altro|,|Stefano Pellegrino capolista di Forza Italia e candidato alle Regionali Sicilia 2017 a tutto campo sugli... http:// youtu.be/doaRQTQJ2Jc?a|
|ForzaItalia|,|Regionali Sicilia  Berlusconi a Catania: "Niente tasse per i siciliani che tornano a casa" http:// palermo.repubblica.it/politica/2017/ 11/02/news/regionali_sicilia_berlusconi_a_catania_niente_tasse_per_i_siciliani_che_tornano_a_casa_-180066928/ … via @repubblica|
|Altro|,|#RegionaliSicilia corsa a cinque per la presidenza http://www. centonove.it/2017/11/03/reg ionali-sicilia-corsa-cinque-la-presidenza/ … #elezioni #100Nove|
|5stelle|,|#Siciliani ,mancano 5 giorni,non avrete 1 altra possibilit\xe0! https://www. youtube.com/watch?v=fMbK75 Au-P0&feature=youtu.be \u2026 #RegionaliSicilia #Sicilia5Stelle #CancelleriPresidente'|
|5stelle|,|#Siciliani ,mancano 5 giorni,non avrete 1 altra possibilit\xe0! https://www. youtube.com/watch?v=fMbK75 Au-P0&feature=youtu.be \u2026 #RegionaliSicilia #Sicilia5Stelle #CancelleriPresidente'|
|5stelle|,|'Ma che strana coincidenza Alla vigilia delle regionali in Sicilia la procura di Firenze riapre\xa0inchiesta sulle stragi del 1993 #Berlusconi https:// twitter.com/ilfoglio_it/st atus/925310769142599681 \u2026'|
|5stelle|,|'Votare \xe8 la vera arma contro la corruzione. Il 5 Novembre in Sicilia vai a votare! RT #regionaliSicilia #sicilia2017 #SceglieteIlFuturo pic.twitter.com/xdZyEW9IDb'|
|ForzaItalia|,|"#elezioni regionali #5novembre da leggere questo articolo e capire l'ignoranza di chi vuole governare la #Sicilia http://www. lastampa.it/2017/10/31/ita lia/politica/grillo-a-catania-la-sicilia-dovrebbe-seguire-il-modello-di-lagos-BBVoPLHBvMYp3UFvsfNR2N/pagina.html \u2026'|
|ForzaItalia|,|'Salvini, viaggio in Sicilia sui regionali : \xabLega senza Nord unifica, Bossi sbaglia\xbb https://www. google.com/url?rct=j&sa=t &url=https%3A%2F%2Fwww.ilgazzettino.it%2Fpay%2Fattualita_pay%2Fsalvini_viaggio_in_sicilia_sui_regionali_lega_senza_nord_unifica_bossi_sbaglia-3336773.html&ct=ga&cd=CAIyGjc3YWU3MmE5MDg2M2EyZjM6Y29tOml0OlVT&usg=AFQjCNHdFk4dHWshKc6gPwq9ug-4hlZ6vw&utm_source=dlvr.it&utm_medium=twitter \u2026 #salvini #lega'|
|5stelle|,|A una settimana da regionali Sicilia . #Pagliacci #Berlusconi https:// twitter.com/Corriere/statu s/925134913623547904 \u2026'|
|5stelle|,|'Fare campagna elettorale in #sicilia , sui treni regionali . Il "piano #trota " per la vittoria di #salvini #pd #m5s #leganord #lega ex nord pic.twitter.com/rk2n4jvrvH'|
|ForzaItalia|,|'#elezionisicilia #elezioni #PD #ForzaItalia #Micciche #Musumeci #musumecimente #sicilia2017 #Sicilia #regionali pic.twitter.com/pgzTSZCKbC'|
|ForzaItalia|,|"https://www. lecodelsud.it / #regionali #Grillo #comico in #Sicilia #Cancelleri lo abbiamo scelto tra i #coglioni dell' #isola e l' #influenza ... pic.twitter.com/RdjYlu9HdO"|
|5stelle|,|'Siamo alle battute finali di questa campagna elettorale. Con VOI possiamo cambiare le sorti e la storia della nostra amata Regione. Queste le tappe del tour del @Mov5Stelle che faremo in provincia di #Messina . #SceglieteilFuturo #RegionaliSicilia pic.twitter.com/j9Z9ICR8J6'|
|5stelle|,|#Sicilia : #Cancelleri , per #elezioni non ci sar\xe0 #Osce #M5S #regionali #voto http://www. hashtagsicilia.it/apertura/sicil ia-cancelleri-elezioni-non-ci-sara-osce-25412 \u2026 via @hashtagsicilia'|
|5stelle|,|Meritiamo molto di piu dei soliti noti #sceglieteilfuturo #IoCiMettoLaFaccia #impresentabili #regionali #Sicilia #Cancelleri https:// twitter.com/GiancarloCanc/ status/923097600215134208 \u2026|
|5stelle|,|#RegionaliSicilia Un altro #condannato . La lista di #Musumeci \xe8 Impresentabilissima! #SceglieteIlFuturo http://www. beppegrillo.it/2017/10/un_alt ro_condannato_la_lista_di_musumeci_e_impresentabilissima.html \u2026 pic.twitter.com/t4wmK0SyME'|
|ForzaItalia|,|'++ #Sicilia Regionali 2017: #Musumeci risponde a #Cancelleri ++ pic.twitter.com/W2qBvftEM1'|
|5stelle|,|'++ #Sicilia Regionali 2017: #Musumeci risponde a #Cancelleri ++ pic.twitter.com/W2qBvftEM1'|
|5stelle|,|'Le prove generali del regime #Renzusconi del #governissimo le troviamo in #Sicilia alle elezioni #Regionali . Nonostante tutto #QuattroPolli pic.twitter.com/g76VCVFPPJ'|
|5stelle|,|'Non fingiamo di non sapere #sceglieteilfuturo #SCEGLIETEILFUTUROTOUR #IoCiMettoLaFaccia #Sicilia #regionali #Cancelleri #elezioni https:// twitter.com/beppe_grillo/s tatus/922052792759607298 \u2026'|
|ForzaItalia|,|'REGIONALI IN SICILIA , #CENTRODESTRA "Scriveremo una pagina nuova e soprattutto vorremmo essere il governo di tutti, http://www. ilpopulista.it/news/21-Ottobr e-2017/19702/musumeci-saremo-il-governo-di-tutti.html \u2026'|
|5stelle|,|'Qui a Capaci costruendo la #Sicilia che vogliamo! Vi aspettiamo in piazza C. Troia fino alle 18! #regionaliSicilia #SceglieteIlFuturo #M5S pic.twitter.com/0rFmiOuV4G'|
|5stelle|,|'#SCEGLIETEILFUTUROTOUR #sceglieteilfuturo #RegionaliSicilia #CancelleriPresidente https:// twitter.com/Rillswind/stat us/921776041630355457 \u2026'|
|5stelle|,|'Domani a Capaci! Venite a conoscere in che modo il #m5s vuole cambiare la nostra cara #Sicilia ! #regionaliSicilia #SceglieteIlFuturo https:// twitter.com/LorettaLupo78/ status/921743067673178113 \u2026'|
|ForzaItalia|,|'Regionali in #Sicilia : @L_Cesa a #Palermo : Siamo qui per vincere con @Musumeci_Staff , #M5s non hanno arte n\xe9 parte https://www. youtube.com/watch?v=Sjhzps mvGA0 \u2026'|
|ForzaItalia|,|Presentazione Candidati #Udc a #Palermo alle #elezioni regionali in #Sicilia . Intervista a @L_Cesa e @EsterBonafede https://www. youtube.com/watch?v=bnBSOw de40g \u2026'|
|ForzaItalia|,|'#Regionali : @AntonioDePoli (Udc) cita De Gasperi, "politica \xe8 realizzare", non lasceremo Sicilia ai grillini http:// udcsicilia.it/notizie/region ali-de-poli-udc-cita-de-gasperi-politica-e-realizzare-non-lasceremo-sicilia-ai-grillini/ \u2026'|
|ForzaItalia|,|'Conferenza Stampa a #Palermo di presentazione dei candidati delle liste #Udc per le prossime elezioni regionali in #Sicilia de 5 novembre pic.twitter.com/Hwfb1S0wBF'|
|ForzaItalia|,|'#elezioni #regionali #Sicilia POPOLO SICULO, SVEGLIA CAZZO!!! http://www. ilfattoquotidiano.it/2017/10/20/tra ttativa-berlusca-o-bravissimo-ecco-laudio-dellintercettazione-del-boss-graviano-in-carcere-esclusiva-sekret/3925060/ \u2026 via @fattoquotidiano'|
|5stelle|,|'#elezioni #regionali #Sicilia POPOLO SICULO, SVEGLIA CAZZO!!! http://www. ilfattoquotidiano.it/2017/10/20/tra ttativa-berlusca-o-bravissimo-ecco-laudio-dellintercettazione-del-boss-graviano-in-carcere-esclusiva-sekret/3925060/ \u2026 via @fattoquotidiano'|
|ForzaItalia|,|'Siamo qui a #Palermo per vincere con @Musumeci_Staff , #M5s non hanno arte n\xe9 parte https:// youtu.be/SjhzpsmvGA0 #elezioni #regionali #Sicilia'|
|ForzaItalia|,|'#Sicilia : @L_Cesa #Udc , regionali esempio perfetto per le politiche http://www. udc-italia.it/sicilia-cesa-u dc-regionali-esempio-perfetto-per-le-politiche/ \u2026 pic.twitter.com/veccehTB7A'|
|ForzaItalia|,|"#20ottobre #Sicilia #Elezioni #5Novembre #MusumeciPresidente #Regionali #EleSicilia Comitato #Diventer\xe0Bellissima Capo d'Orlando #Nebrodi pic.twitter.com/Z8EdBoJ9BR"|
|ForzaItalia|,|'Con @matteosalvinimi e @Musumeci_Staff elezioni regionali 2017 in #Sicilia !! #elezioniregionali2017 #andiamoagovernare #forzalega pic.twitter.com/khULz18tdT'|
|ForzaItalia|,|'#Elezioni regionali in #Sicilia : conferenza stampa di @matteosalvinimi e Angelo Attaguile @Noiconsalvini http://www. radioradicale.it/scheda/522902/ conferenza-stampa-sulle-elezioni-regionali-siciliane \u2026'|
|5stelle|,|"Il #m5s chiede che le regionali in Sicilia vengano monitorale dall'OSCE . Per la @GiorgiaMeloni la legalit\xe0 \xe8 un optional"|
|ForzaItalia|,|regionali sicilia , #DiMaio : "vogliamo gli osservatori osce per le elezioni". mi pare giusto: #m5s e firme false sono un\'accoppiata perfetta'|
|5stelle|,|regionali sicilia , #DiMaio : "vogliamo gli osservatori osce per le elezioni". mi pare giusto: #m5s e firme false sono un\'accoppiata perfetta'|
|5stelle|,|'Servono rappresentanti di lista #M5S per le regionali del 5 Novembre in #Sicilia . Forza ! Siciliani https://www. facebook.com/giancarlocanc/ videos/1473072716141428/?hc_ref=ARSt3j2RzgPO91rcLTm3dFxsga9b8d4CNIqJ_BADVW9tAq-mqPS-jk_8NXMWCvH_If0 \u2026'|
|ForzaItalia|,|'Elezioni regionali 2017 #sicilia #ForzaItalia #Giovani pic.twitter.com/RygZhz3uZM'|
|ForzaItalia|,|Chiamiamo anche l\'ONU! Ridicoli! #M5S Regionali Sicilia , Di Maio: "Vogliamo gli osservatori Osce per le elezioni" http:// palermo.repubblica.it/politica/2017/ 10/16/news/regionali_sicilia_di_maio_vogliamo_gli_osservatori_osce_per_le_elezioni_-178428709/ \u2026'|
|5stelle|,|.Chi ha devastato la #Sicilia non merita il tuo voto, merita un calcio in c..... #RegionaliSicilia #CancelleriPresidente #Sicilia5Stelle https:// twitter.com/Massimilianosg 3/status/919581814913687554 \u2026'|
|ForzaItalia|,|'#forumfamiglie #sicilia #cancelleri #micari #musumeci #fava #elezioni #famiglie #politichefamiliari #larosa #regionali https:// twitter.com/LiveSicilia/st atus/919218273631301632 \u2026'|
|5stelle|,|'Il #meetup di #Madrid appoggia la candidatura di #Cancelleri in #Sicilia per le #elezioni #regionali . #SceglieteIlFuturo #M5S #NoCompromise pic.twitter.com/Q70OKfg5SE'|
|5stelle|,|'#RegionaliSicilia #Cancelleri a 1cm. dalla vittoria! #M5S torna in piazza. #ottoemezzo http:// gds.it/2017/10/12/reg ionali-rush-finale-di-m5s-in-50-piazze-fino-al-3-novembre_740568/?utm_medium=feed&utm_source=twitter.com&utm_campaign=Feed%3A+gds_twitter_feed \u2026 pic.twitter.com/u8DLWki81w'|
|5stelle|,|'#SceglieteIlFuturo #CancelleriPresidente #M5S #RegionaliSicilia pic.twitter.com/1fBKCOxM0i'|
|5stelle|,|'Fra pochissimo ci vediamo tutti a #Villabate ! Alle 17 in via Giulio Cesare 8 coi candidati #m5s alle prossime #regionaliSicilia ! #palermo pic.twitter.com/jnoFosAiyB'|
|5stelle|,|'Regionali , Beppe Grillo lancia l\'appello " Sicilia il quartier generale del #M5S " http:// gds.it/2017/10/07/reg ionali-beppe-grillo-lancia-lappello-sicilia-il-quartier-generale-del-m5s_737754/?utm_medium=feed&utm_source=twitter.com&utm_campaign=Feed%3A+gds_twitter_feed \u2026 pic.twitter.com/w35i7HndRY'|
|5stelle|,|'Aperitivo propositivo, verso le regionali #M5S #Sicilia http:// ift.tt/2xjwIGl pic.twitter.com/vMIJ9wICcW'|
|5stelle|,|'Pillole di programma #CancelleriPresidente #SceglieteIlFuturo #RegionaliSicilia #M5S #Sicilia http://www. giancarlocancelleri.it/programma/'|
|5stelle|,|'Presentazione dei candidati #m5sSicilia a Isola delle Femmine! VIDEO: https:// m.facebook.com/story.php?stor y_fbid=10155732106394304&id=360817574303 \u2026 #m5s #regionaliSicilia pic.twitter.com/ZYvRIBpwwT'|
|5stelle|,|'A disposizione del #MoVimento5Stelle per cambiare la nostra fantastica #Sicilia !Contattatemi: https:// m.facebook.com/story.php?stor y_fbid=10155729470039304&id=360817574303 \u2026 #regionaliSicilia #m5s pic.twitter.com/K9t20zxLAd'|
|ForzaItalia|,|'#M5S sempre pi\xf9 assurdi. Creano da s\xe9 quegli ostacoli su cui successivamente inciampano. #Sicilia #Regionali http:// dlvr.it/PmkL3p "|
|ForzaItalia|,|'#Regionali #Sicilia , @Musumeci_Staff - Armao ticket vincente anche grazie a impegno partiti #centrodestra @CoffeeBreakLa7'|
|ForzaItalia|,|'Intervista TgR al segretario nazionale @L_Cesa a margine conferenza stampa a Palermo di presentazione liste #Udc per le Regionali #Sicilia pic.twitter.com/oHA7xd6SiS'|
|ForzaItalia|,|'Intervista TgR al senatore @AntonioDePoli a margine conferenza stampa a Palermo di presentazione liste #Udc per le Regionali #Sicilia pic.twitter.com/qVauJMl8xF'|
|5stelle|,|'E, pensate, ci sono persone, cittadini, italiani, che ancora votano per questi "statisti"... #CancelleriPresidente #regionalisicilia pic.twitter.com/aKEWfPGh5n'|
|5stelle|,|Elezioni Regionali della Sicilia #m5s #ATUTTASICILIATOUR http:// youtu.be/PFb4apdx4QA?a'|
|ForzaItalia|,|'Regionali , #Berlusconi in campo per la Sicilia : "Modello da esportare alle Politiche" https://www. reddit.com/r/oknotizie/co mments/6xn953/regionali_berlusconi_in_campo_per_la_sicilia/?ref=share&ref_source=twitter \u2026 via @reddit'|
|ForzaItalia|,|'#Berlusconi sulle #regionali \u2018Scendo in campo: #modello - #Sicilia per le #politiche \u2019 http://www. 10notizie.it/2017/09/02/ber lusconi-regionali-scendo-campo-modello-sicilia-le-politiche/ \u2026'|
|ForzaItalia|,|qui lo dico e qui lo nego: meglio loro del #m5s . #RegionaliSicilia https:// twitter.com/nellina99/stat us/903943840872194048 \u2026'|
|5stelle|,|'#Regionali #Sicilia con la vittoria del #M5S i partiti capiranno tutto il potere che ha un popolo unito! pic.twitter.com/yJG7QhzIB5'|
|ForzaItalia|,|'#NelloMusumeci #Sicilia #regionali #candidatounitario #MN https:// twitter.com/Storace/status /903610088744734721 \u2026'|
|ForzaItalia|,|'. @Storace @Musumeci_Staff #NelloMusumeci In bocca al lupo! #sceltaunitaria #regionali Ora s\xec che la #Sicilia #diventerabellissima https:// twitter.com/Storace/status /903522113910394880 \u2026'|