,Filtro,Sample
0,ciao,ciao
2,|Altro|,|Oggi05/11/2017 Elezioni Regionali Sicilia dalle ore 08 alle 2200si voterà un giorno soloil Presidente saràquello che avrà più voti-|
3,|5stelle|,"|'""Se vogliamo che tutto rimanga com''è bisogna che tutto cambi.” Si ucciderà mai il Gattopardo? #elezionisiciliane #RegionaliSicilia'|"
4,|ForzaItalia|,|Elezioni regionali M5S nella Sicilia affondata. Musumeci galantuomo e il freno degli eterni ritorni http://www. corriere.it/politica/elezi oni-regionali-sicilia-2017/notizie/regionali-brivido-m5s-sicilia-affondata-musumeci-galantuomo-e4197ad8-c1a4-11e7-b5e5-1f34efbbc6b1.shtml … povera Sicilia|
5,|Altro|,|In #Sicilia si sta #votando per l’ #elezioni #regionali #auguri a tutti i #candidati e che vinca il migliore|
6,|ForzaItalia|,|Regionali in #Sicilia  i #pentastellati violano il #silenzio . E litigano con i #giornalisti - http:// bit.ly/2zffWbq|
7,|ForzaItalia|,|New post: Regionali  il brivido M5S nella Sicilia affondata. Musumeci il galantuomoe il freno degli eterni ritorni http:// vivicapena.com/regionali-il-b rivido-m5s-nella-sicilia-affondata-musumeci-il-galantuomoe-il-freno-degli-eterni-ritorni-2/ …|
8,|Altro|,"|Regionali Sicilia  Minniti ai prefetti: ""Massima vigilanza sul voto seria minaccia della criminali… http:// palermo.repubblica.it/politica/2017/ 11/04/news/regionali_sicilia_minniti_ai_prefetti_massima_vigilanza_sul_voto_seria_minaccia_della_criminalita_-180251409/ … via @repubblica|"
9,|ForzaItalia|,|Regionali  il brivido M5S nella Sicilia affondata. Musumeci il galantuomoe il freno degli… https:// goo.gl/fb/A44MZV http:// fb.me/C8HXjQKz|
10,|ForzaItalia|,|Regionali  il brivido M5S nella Sicilia affondata. Musumeci il galantuomoe il freno degli… https:// goo.gl/fb/A44MZV|
11,|Altro|,|Elezioni regionali Sicilia 2017: quando si vota candidati come si vota e FAC SIMILE… https:// goo.gl/fb/zS5vcn|
12,|ForzaItalia|,|Regionali  il brivido M5S nella Sicilia affondata. Musumeci il galantuomoe il freno degli eterni ritorni http:// bit.ly/2h4bJwn|
13,|Altro|,|#RegionaliSicilia vota Fava scrivi @Ketty_Berty Bertuccelli ogni votoè un colpo di adrenalina per una Regione che molti terrebbero morente|
14,|5stelle|,|Come votare il MoVimento 5 Stelle alle Elezioni regionali in Sicilia https:// youtu.be/rE9nr_LrE4w via @YouTube|
15,|Altro|,"|'5 Novembre elezioni regionali in Sicilia . ""Non ti lamentare prendi la --matita-- e tira fuori i denti."" L''Italia... http:// fb.me/BAS5Gtfe'|"
16,|5stelle|,|#CancelleriPresidente - #Palermo https:// youtu.be/7_hro3jW5Ik via @YouTube #regionalisicilia2017 #RegionaliSicilia #Milazzo #Messina #BarcellonaPG #SceglieteIlFuturo #M5S #Catania|
17,|ForzaItalia|,"|Regionali Sicilia  il centrodestra contro il video di Grillo a Mondello: ""Silenzio elettorale viola… http:// palermo.repubblica.it/politica/2017/ 11/04/news/regionali_sicilia_il_centrodestra_contro_il_video_di_grillo_a_mondello_silenzio_elettorale_violato_-180240734/ … via @repubblica|"
18,|Altro|,|#Sicilia  @Civati : «Con Regionali inizia nuova storia a sinistra» https://www. possibile.com/sicilia-civati -regionali-inizia-nuova-storia-sinistra/ …|
19,|Altro|,|'Da lunedi daro'' tutti i risultati delle elezioni regionali sicilia'|
20,|5stelle|,|#ElezioniSicilia #elezionisicilia2017 #RegionaliSicilia #regionalisicilia2017 #Ars #5novembre #beppegrillo #palermo #ScegliilFuturo #CancelleriPresidente @beppe_grillo @luigidimaio @ale_dibattista @GiancarloCanc @AlessioVillaros pic.twitter.com/CTC8kblkLs|
21,|Altro|,|Elezioni regionali in Sicilia  come si vota https:// goo.gl/fb/cfxeFH|
22,|Altro|,"|Regionali Sicilia  Minniti ai prefetti: ""Massima vigilanza sul voto seria minaccia della criminalità"" http:// larep.it/2zdePJ9|"
23,|Altro|,|VIDEO: Elezioni regionali in Sicilia  come si vota http:// sky.tg/m3bfa|
24,|Altro|,"|Regionali Sicilia  Minniti ai prefetti: ""Massima vigilanza sul voto seria minaccia della criminalità"" http:// ift.tt/2j14VUz|"
25,|5stelle|,|'#Sicilia : alle regionali  la scelta tra l''innovazione e la restaurazione. Non abbiate dubbi nel dare il voto al #M5S .Grazie'|
26,|Altro|,"|Repubblica: Regionali Sicilia  Minniti ai prefetti: ""Massima vigilanza sul voto seria minaccia della criminalità"" http:// ift.tt/2j14VUz …|"
28,|Altro|,"|Regionali Sicilia  Minniti ai prefetti: ""Massima vigilanza sul voto seria minaccia della criminalità"" http:// larep.it/2zd3BEC|"
29,|Altro|,|Comunque mettetevi il cuore in pace. Il PD in Sicilia non andrà certo più male delle precedenti elezioni regionali .|
30,|Altro|,|Elezioni regionali Sicilia  polemica e alta tensione prima del voto ( http:// Quotidiano.net ) http:// bit.ly/2hG7OGT pic.twitter.com/Yeyh9f7sYr|
31,|Altro|,|Elezioni Regionali 2017 Sicilia LIVE news: candidati ultimi sondaggi come si vota (Centro Meteo Italiano) http:// bit.ly/2hFMcuc pic.twitter.com/9Q1rRbmBLL|
32,|Altro|,|Grosso errore cominciare lo spoglio il giorno dopo. Durante la notte potrebbe succedere di tutto. #RegionaliSicilia|
33,|5stelle|,|. #RegionaliSicilia  votare #M5S è più facile più semplice più chiaro più trasparente. #SceglieteIlFuturo https:// twitter.com/frankrosini/st atus/926849673985511425 …|
34,|5stelle|,|.Se i #siciliani non li castigano sono condannati per sempre al malaffare! #RegionaliSicilia #SceglieteIlFuturo #better https:// twitter.com/5bc32772e3fb46 7/status/926853234156822528 …|
35,|Altro|,|Elezioni regionali Sicilia : a che ora aprono e chiudono i seggi? Come si vota http:// it.blastingnews.com/politica/2017/ 11/elezioni-regionali-sicilia-a-che-ora-aprono-e-chiudono-i-seggi-come-si-vota-002140901.html …|
36,|Altro|,|Regionali Sicilia  corsa a cinque per la presidenza - http:// ow.ly/p3Lf30glVYz|
37,|5stelle|,|. #imperdibile #capolavoro TKS to @Ilenia1970 ! #RegionaliSicilia gli #impresentabili https:// twitter.com/Ilenia1970/sta tus/926882537699528710 …|
38,|Altro|,|#ricordiamodomani elezioni regionali in #Sicilia econ @mplongano @nonnachicca58 @pediatriaOggi @russ_alexx @tiquetaki @vitozullo1 @user9870|
39,|Altro|,|#ricordiamodomani elezioni regionali in #Sicilia econ @GiEffeRuzzeddu @giuseppenotarn1 @giuseppesfrego2 @LanfrancoPalazz @lorie_ra|
40,|Altro|,|#ricordiamodomani elezioni regionali in #Sicilia econ @Elle_ffante @Federica_Rubini @fmarin_ES @francesco_terry @GalvaniM @gianpaolag18|
41,|Altro|,|#ricordiamodomani elezioni regionali in #Sicilia econ @amatorosalia1 @BenitoAtos @blackbart6996 @carlo_magnani @DiandGtime @duesoli|
42,|Altro|,|Elezioni regionali Sicilia - Come si vota http:// fb.me/53gnNCDDN|
43,|Altro|,|Elezioni regionali Sicilia : guida al voto in breve - http:// firstonline.info http:// ift.tt/2zd2vZD|
44,|5stelle|,|. #RegionaliSicilia prima di votare rileggi! #impresentabile #invotabile #noncredibile http://www. kensan.it/articoli/Curri culum_giudiziario_di_Silvio_Berlusconi.php …|
45,|Altro|,|lo vedrete lunedì dopo le regionali in Sicilia|
46,|Altro|,|Regionali Sicilia  46 milioni di cittadini alle urne. Cinque in corsa per governatore http:// palermo.repubblica.it/politica/2017/ 11/04/news/regionali_sicilia_4_6_milioni_di_cittadini_alle_urne_cinque_in_corsa_per_governatore-180212793/ … via @repubblica|
47,|Altro|,|#RegionaliSicilia SI VOTA SOLTANTO DOMENICA Spoglio il giorno dopo la chiusura dei seggi. Un errore? http:// palermo.repubblica.it/politica/2017/ 11/04/news/spoglio_in_sicilia_il_giorno_dopo_la_chiusura_dei_seggi_crocetta_un_errore_dovevamo_cambiare_la_legge_-180230887/ …|
48,|ForzaItalia|,"|Regionali Sicilia  il centrodestra contro il video di Grillo a Mondello: ""Silenzio… https:// goo.gl/fb/PZp8RH|"
49,|ForzaItalia|,"|Regionali Sicilia  il centrodestra contro il video di Grillo a Mondello: ""Silenzio… https:// goo.gl/fb/iJY4rU|"
50,|ForzaItalia|,|ancora circa 29 ore di supponenza di merda pdiota prima che vengano bastonati alle elezioni regionali in Sicilia ...|
52,|ForzaItalia|,"|Regionali Sicilia  il centrodestra contro il video di Grillo a Mondello: ""Silenzio elettorale violato"" http:// larep.it/2zgf9Hg|"
54,|Altro|,|Risultati - Sicilia - Allievi Regionali Fascia B - Girone A - Tuttocampo.it http:// fb.me/72LduuhII|
55,|ForzaItalia|,"|Repubblica: Regionali Sicilia  il centrodestra contro il video di Grillo a Mondello: ""Silenzio elettorale violato"" http:// ift.tt/2ze0lJ6 …|"
56,|Altro|,|'Sicilia  le elezioni regionali e i possibili scenari politici http://www. lettera43.it/it/articoli/po litica/2017/11/04/sicilia-le-elezioni-regionali-e-i-possibili-scenari-politici/215292/ … Musumeci (centrodestra) favorito il M5s canterà vittoria comunque: Cancelleri può quasi raddoppiare i consensi del 2012. Il Pd con lo scomodo alleato Alfano destinato al fallimento. L''analisi pic.twitter.com/Rd17PL8mYQ'|
57,|Altro|,|Pro memoria per i politologi: risultati elezioni regionali Sicilia dal 1996 ad oggi 1996 centrodestra 514 per... http:// fb.me/89GYaHR8Q|
58,|ForzaItalia|,"|Regionali Sicilia  il centrodestra contro il video di Grillo a Mondello: ""Silenzio elettorale violato"" http:// ift.tt/2ze0lJ6|"
59,|Altro|,|Come si vota alle elezioni regionali in Sicilia https:// goo.gl/fb/FetGHQ|
60,|Altro|,|Regionali Sicilia Perchè lo spoglio comincerà lunedi alle 8 se si finirà di votare domenica alle 22? #iononmifidodinessuno|
61,|Altro|,|Sicilia : elezioni regionali e difesa della famiglia - Alleanza Cattolica http:// alleanzacattolica.org/sicilia-elezio ni-regionali-difesa-della-famiglia/ …|
62,|Altro|,|Sicilia  elezioni regionali . Domani si vota. Ecco come https:// goo.gl/fb/bwWYGB #news|
63,|Altro|,|Come si vota alle elezioni regionali in Sicilia http:// ift.tt/2zfSt7C|
65,|Altro|,|Come si vota alle elezioni regionali in #Sicilia : Domani si eleggerà il nuovo presidente della regione e i membri…… https:// twitter.com/i/web/status/9 26857016248643584 …|
66,|Altro|,|Renzi le elezioni regionali della sicilia non sono Test nazionale Per il PD si prevede un tracollo. Munire Renzi e Orfini di play-station|
68,|Altro|,|Come si vota alle elezioni regionali in #Sicilia : Domani si eleggerà il nuovo presidente della regione e i membri… http://www. ilpost.it/2017/11/04/ele zioni-sicilia-come-si-vota-orari-seggi/?utm_source=dlvr.it&utm_medium=twitter … pic.twitter.com/L3KmQEj3os|
69,|Altro|,|IN DIRETTA: speciale elezioni regionali sicilia 2017 su #spreaker https://www. spreaker.com/user/manuelito dj/speciale-elezioni-regionali-sicilia-2017?autoplay=1 …|
70,|ForzaItalia|,|il cambiamento e novita !! il ponte sullo stretto !!! #politica #politicaregionale #regionalisicilia #forzaitalia #berlusconi https:// twitter.com/gasparripdl/st atus/926530147867676672 …|
71,|5stelle|,|. #Sicilia . Domani si potrebbe scrivere la Storia. Lasciatevi alle spalle il passato. #SceglieteIlFuturo #RegionaliSicilia https:// twitter.com/MadagioPepe/st atus/926791706107789312 …|
72,|5stelle|,|'. #Sicilia  sta per scoccare l''ora. #NoAstensionismo #VaiAVotare #RegionaliSicilia #SceglieteIlFuturo https:// twitter.com/XMERIDIO78/sta tus/925807078064775168 …'|
73,|5stelle|,|'Disse l''uomo che ha appreso i candidati condannati e indagati della sua lista dai giornali . Responsabilità significa legalità #RegionaliSicilia @Musumeci_Staff pic.twitter.com/nlZT6lbkNd'|
74,|Altro|,|Retweeted Repubblica Roma ( @rep_roma ): Regionali Sicilia  46 milioni di cittadini alle urne. Cinque in corsa... http:// fb.me/1mhiNmRvP|
75,|Altro|,|Regionali Sicilia  46 milioni di cittadini alle urne. Cinque in corsa per governatore http:// larep.it/2hEZU0z [a]|
76,|Altro|,|Regionali Sicilia  46 milioni di cittadini alle urne. Cinque in corsa per governatore http:// dlvr.it/PzDJtq pic.twitter.com/xXLzrYgRCA|
77,|Altro|,|Regionali Sicilia  46 milioni di cittadini alle urne. Cinque in corsa per governatore http:// larep.it/2zdImT2|
78,|Altro|,|Regionali Sicilia  46 milioni di cittadini alle urne. Cinque in corsa per governatore http:// larep.it/2hEZnvj|
79,|Altro|,|'#Sicilia #Regionali Domani è giorno di elezioni regionali in Sicilia . Tra un''astensione altissima e l''assenza di... http:// fb.me/DD2OUp3c'|
80,|Altro|,|Regionali Sicilia  46 milioni di cittadini alle urne. Cinque in corsa per governatore http:// larep.it/2ze4DAb|
81,|ForzaItalia|,|Il centrodestra unito alle regionali di #Sicilia . pic.twitter.com/RWnm7ino6I|
82,|ForzaItalia|,|il cambiamento e novita !! il ponte sullo stretto !!! #politica #politicaregionale #regionalisicilia #forzaitalia #berlusconi https:// twitter.com/forza_italia/s tatus/926096264416112640 …|
83,|ForzaItalia|,|il cambiamento e novita !! il ponte sullo stretto !!! #politica #politicaregionale #regionalisicilia #forzaitalia #berlusconi pic.twitter.com/cdYLUvidC6|
84,|ForzaItalia|,|il cambiamento e novita !! il ponte sullo stretto !!! #politica #politicaregionale #regionalisicilia #forzaitalia #berlusconi pic.twitter.com/n0WEEE1o0t|
85,|ForzaItalia|,|il cambiamento e novita !! il ponte sullo stretto !!! #politica #politicaregionale #regionalisicilia #forzaitalia #berlusconi pic.twitter.com/l7dE5K3wlx|
86,|ForzaItalia|,|il cambiamento e novita !! il ponte sullo stretto !!! #politica #politicaregionale #regionalisicilia #forzaitalia #berlusconi pic.twitter.com/59PcVqGpOd|
87,|ForzaItalia|,|il cambiamento e novita !! il ponte sullo stretto !!! #politica #politicaregionale #regionalisicilia #forzaitalia #berlusconi pic.twitter.com/CFY4bl4Qxz|
88,|ForzaItalia|,|il cambiamento e novita !! il ponte sullo stretto !!! #politica #politicaregionale #regionalisicilia #forzaitalia #berlusconi pic.twitter.com/sqJjxFbJpm|
89,|5stelle|,"|'Regionali  Grillo nell''ultimo comizio: ""Non lasciamo la Sicilia a chi l''ha demolita"" http:// palermo.repubblica.it/politica/2017/ 11/03/news/regionali_grillo_sul_palco_per_l_ultimo_comizio_-180183999/ … vía... http:// fb.me/MUyYgFeH'|"
90,|5stelle|,|quando il tempo passa !! la cosa peggiore e non accorgersi cheil tempo passa per tutti http:// bit.ly/2zk4XNm #berlusconi #regionalisicilia|
91,|Altro|,"|LIBERIAMO LA SICILIA . La terza edizione ""Speciale Regionali in Sicilia "" di Freedom24 News è in PDF al sito... http:// fb.me/1rpC4w8Pb|"
92,|Altro|,|Regionali Sicilia 2017 guida al voto http:// greenground.it/2017/11/04/reg ionali-sicilia-2017-guida-al-voto/ …|
94,|Altro|,|Elezioni #regionali in #Sicilia : cinque candidati un solo duello http:// tinyurl.com/y8vc9ek9|
95,|5stelle|,|'#regionali Il MoVimento 5 Stelle in Sicilia passa al contrattacco: siete d''accordo con Cancelleri? http:// fb.me/3qLNs0sYQ'|
96,|Altro|,|#RegionaliSicilia SI VOTA SOLO DOMENICA 46 milioni di cittadini alle urne http:// palermo.repubblica.it/politica/2017/ 11/04/news/regionali_sicilia_4_6_milioni_di_cittadini_alle_urne_cinque_in_corsa_per_governatore-180212793/ …|
97,|5stelle|,|#RegionaliSicilia .Lui è @Giorgio_Assenza già in #regioneSicilia .Vuole ancora il tuo voto con @Musumeci_Staff #SceglieteilFuturo ...Vi prego! pic.twitter.com/Ax0bPmYJo4|
98,|Altro|,"|I ""grandi"" risultati delle regionali 2012 in Sicilia con Pd targato Bersani! Giusto per rinfrescare la memoria! pic.twitter.com/gCKRs1hZWT|"
99,|Altro|,|Regionali #Sicilia 2017 guida al voto http://www. palermotoday.it/politica/elezi oni/regionali-sicilia-2017/5-novembre-quando-come-si-vota.html …|
100,|Altro|,|Domenica e Lunedì #maratonaRS Una diretta No-Stop per raccontarvi le Elezioni Regionali Sicilia . http:// fb.me/EXclJrvP|
101,|Altro|,|#iovoto #iovotolibero #RegionaliSicilia #regionalisicilia2017 #siciliaalvoto #sicilia pic.twitter.com/phuB2QNZhb|
102,|ForzaItalia|,|Sicilia al voto: chi è Nello Musumeci candidato di Berlusconi Salvini e Meloni alle regionali http:// gestyy.com/weY2KF pic.twitter.com/MK4uOfm2fE|
103,|5stelle|,|Sicilia al voto: chi è Giancarlo Cancelleri il candidato del M5s alle elezioni regionali http:// gestyy.com/weY2Sw pic.twitter.com/TUvlVkh02Z|
104,|Altro|,|#RegionaliSicilia pic.twitter.com/Of51Yt99D9|
105,|5stelle|,|#iovoto #iovotolibero #RegionaliSicilia #regionalisicilia2017 #sicilia pic.twitter.com/LU4exHBMyy|
106,|5stelle|,|#iovoto #iovotolibero #RegionaliSicilia #regionalisicilia2017 #Sicilia2017 #sicilia pic.twitter.com/LdAhZM644r|
107,|ForzaItalia|,|Sicilia al voto: chi è Nello Musumeci che ha unito #Berlusconi  Salvini e Meloni alle elezioni regionali http:// dlvr.it/PzChd5 pic.twitter.com/Pbxf4IgWv7|
108,|Altro|,|Sicilia al voto: chi è Fabrizio Micari il candidato di #Renzi e Alfano alle elezioni regionali http:// dlvr.it/PzChMT pic.twitter.com/ZW19kkKZpT|
109,|Altro|,|#regionali “L’intera Sicilia è una dimensione fantastica. Come si fa a viverci senza immaginazione?” L.Sciascia... http:// fb.me/8tuKKM4f1|
110,|Altro|,|#RegionaliSicilia La Sicilia al voto in cinque grafici http:// intern.az/1yWC|
111,|Altro|,|'Elezioni regionali Sicilia  5 novembre: cosa c''è da sapere http://www. quotidiano.net/cronaca/elezio ni-regionali-sicilia-1.3502993?wt_mc=twitteruser … via @quotidianonet'|
112,|Altro|,|Elezioni Regionali in Sicilia  candidati e quando si vota per il presidente e i deputati dell’ARS http:// ow.ly/vsIK50eZBNc|
113,|Altro|,|Io non so chi sei o siete ma io domani voto per le regionali qui in Sicilia ; altro che MusumeciCancelleri o Micari; voterò per te #gfvip|
114,|Altro|,|Regionali Sicilia : i precedenti e le aspettative dei partiti http://www. ansa.it/sicilia/notizi e/2017/11/02/regionali-sicilia-i-precedenti-e-le-aspettative-dei-partiti_e8f89b56-b64b-43bd-914e-1e24b6d8ec0d.html …|
115,|Altro|,|Elezioni regionali : quando e come si vota in Sicilia . TUTTE LE INFO http:// fb.me/17vN7HfZf|
116,|Altro|,|Sicilia  Civati: «Con Regionali inizia nuova storia a sinistra» http:// fb.me/EHqbTCGD|
117,|5stelle|,|Scegliere il nuovo è sempre difficile ma meglio #DiMaio che ha almeno una faccia da bravo ragazzo da #chierichetto #RegionaliSicilia|
118,|Altro|,|Elezioni regionali Sicilia 2017: quando si vota tutte le liste e i candidati http:// fb.me/4vIiqMzsl|
119,|5stelle|,|#SceglieteIlFuturo #CancelleriPresidente #RegionaliSicilia Forza Siciliani o NOI o LORO .. pic.twitter.com/5k3adyddRF|
120,|ForzaItalia|,|@GabriGiammanco Onorevole è sempre un immenso piacere ammirare la Sua competenza e serietà in bocca al lupo per le Regionali in Sicilia|
121,|ForzaItalia|,|#regionali Giorgia Meloni attacca il MoVimento 5 Stelle: voi chi votereste in Sicilia ? SEGUICI SU ==>... http:// fb.me/8TaGrR2kM|
122,|Altro|,|Sicilia  più di 4 milioni e mezzo di elettori alle urne per le Regionali - http://www. grandangoloagrigento.it/sicilia-piu-di -4-milioni-e-mezzo-di-elettori-alle-urne-per-le-regionali/ …|
123,|Altro|,|Sicilia  più di 4 milioni e mezzo di elettori alle urne per le Regionali – Grandangolo Agrigento http:// fb.me/7PnlmCsH4|
124,|Altro|,|Regionali #Sicilia  46 milioni di cittadini alle urne. Cinque in corsa per governatore http:// palermo.repubblica.it/politica/2017/ 11/04/news/regionali_sicilia_4_6_milioni_di_cittadini_alle_urne_cinque_in_corsa_per_governatore-180212793/ … via @repubblica|
126,|Altro|,|Una puntata speciale quella di questa settimana di 5giornia5stelle in vista delle elezioni regionali in Sicilia ;... http:// fb.me/93comsvFL|
127,|Altro|,|Elezioni regionali 2017 in Sicilia Istruzioni al voto News Agrigentotv: http:// youtu.be/blmyco9Ujto?a tramite @YouTube|
128,|Altro|,|Chi vince le #elezionisicilia ? #ElezioniSicilia2017 #elezionisiciliane #RegionaliSicilia #regionalisicilia2017 @sondaggiometro @SondaggiTW @RT_Sondaggi|
129,|Altro|,|Domani #RegionaliSicilia . Dal #Sud passa il futuro benessere del nostro Paese ma non è di questo che si è parlato: https://www. facebook.com/Informa.ixc/po sts/1200837970017862 … pic.twitter.com/mN7k02pjhq|
130,|Altro|,|Tanto per essere chiari Le regionali in Sicilia NON sono affatto un test per le prossime elezioni politiche lo... http:// fb.me/6ZMPJVLQd|
131,|Altro|,|In occasione delle imminenti elezioni regionali che si terranno in Sicilia il 5 Novembre noi di MILLENNIALS... http:// fb.me/28nDUHqxu|
132,|Altro|,|Risultati Elezioni Sicilia - Regionali - 5 novembre 2017 - Repubblica.it http://www. repubblica.it/static/special e/2017/elezioni/regionali/ … via @repubblicait|
133,|Altro|,|Oggi si conclude la campagna elettorale per le #Regionali in #Sicilia !Domani tocca a noi riscattare con il nostro vota questa terra.|
135,|Altro|,|Repubblica: Regionali Sicilia  46 milioni di cittadini alle urne. Cinque in corsa per governatore http:// ift.tt/2iXRbtD #palermo|
136,|Altro|,|Sicilia  più di 4 milioni a urne per le elezioni Regionali : come si vota http:// fb.me/2uZcP6n8x|
137,|Altro|,|Elezioni regionali in Sicilia : ecco come si vota http:// stream24.ilsole24ore.com/video/notizie/ elezioni-regionali-sicilia-ecco-come-si-vota/AEyJib1C …|
138,|5stelle|,|#Sicilia governo #Renzi - #Berlusconi c’è già: dopo regionali pezzi #Pd pronti per Musumeci http://www. ilfattoquotidiano.it/2017/10/28/ele zioni-sicilia-governo-renzi-berlusconi-ce-gia-dopo-le-regionali-pezzi-del-pd-pronti-a-sostenere-musumeci/3941700/ … via @fattoquotidiano|
139,|Altro|,|Voto in Sicilia  il Pd  e lo spettro del quarto posto: Renzi trema Regionali : 800 in corsa @matteorenzi http://www. corriere.it/politica/elezi oni-regionali-sicilia-2017/notizie/voto-sicilia-pd-spettro-quarto-posto-minoranza-pronta-all-attacco-da09420a-c134-11e7-b5e5-1f34efbbc6b1.shtml …|
140,|Altro|,"|'Regionali Sicilia  tutti i candidati provincia per provincia. http:// gds.it/2017/11/04/reg ionali-tutti-i-candidati-provincia-per-provincia_749767/ … 900 canditati per saccheggiare ""l''isola del tesoro""'|"
141,|ForzaItalia|,|#Cancelleri il candidato del #M5s in #regionalisicilia faceva il magazziniere? ditemi che non è vero..|
142,|Altro|,|'Elezioni regionali in Sicilia : istruzioni per l''uso. Come e quando si vota (Filodiretto Monreale) http:// bit.ly/2zjmAgf pic.twitter.com/994o7Fq2yk'|
143,|Altro|,|Regionali in Sicilia  chiamate alle urne 46 milioni di persone (Nuovo Sud) http:// bit.ly/2ziMDEn pic.twitter.com/pZWI4wk53A|
144,|5stelle|,|Regionali  Casaleggio lancia la volata ai 5 stelle: “Ho trovato una Sicilia festosa sono scaramantico e non… http:// larep.it/2zdm0kE [a]|
145,|Altro|,|Elezioni regionali Sicilia  dal Ponte al bollo auto. Miliardi di sprechi e solo promesse ( http:// Quotidiano.net ) http:// bit.ly/2zjVC8k pic.twitter.com/Ab12ufsGrn|
146,|Altro|,|Regionali  tutti i candidati provincia per provincia (Giornale di Sicilia ) http:// bit.ly/2ziqciB pic.twitter.com/Hx59CKnTRf|
147,|Altro|,|Domenica si vota per le regionali in #Sicilia . 5 candidati in corsa: #Cancelleri  #Fava  #Micari  #Musumeci  #LaRosa http:// ow.ly/oHHw30glOO1 pic.twitter.com/sJsHC8pzi4|
148,|Altro|,|Lady secondo te chi vince le elezioni regionali in Sicilia ??|
149,|5stelle|,|'#RegionaliSicilia #Berlusconi #Meloni e #Salvini firmano il patto dell''arancino Anche se Berlusconi avrebbe preferito quello del cannolo LR'|
150,|Altro|,|Regionali in Sicilia e voto social - http:// fblab.fbassociati.it/2017/11/04/reg ionali-sicilia-voto-social/ … pic.twitter.com/UvuGooGibl|
151,|5stelle|,|Regionali  Casaleggio lancia la volata ai 5 stelle: “Ho trovato una Sicilia festosa sono scaramantico e non dico… http:// dlvr.it/PzBLhK pic.twitter.com/8mFJG19ODg|
152,|Altro|,"|Ho caricato un nuovo episodio ""CADUTA MASSI speciale elezioni regionali Sicilia - intervista a Nicola Morra - co https://www. spreaker.com/user/moviradio /caduta-massi-speciale-elezioni-regionali_1?autoplay=1 …|"
153,|Altro|,|Su @Internazionale le mie foto sulle regionali in Sicilia ...e un po’ di chiarezza su questa elezioni. https:// twitter.com/internazionale /status/926748683009265664 …|
154,|5stelle|,|Regionali  Casaleggio lancia la volata ai 5 stelle: “Ho trovato una Sicilia festosa sono scaramantico e non dico… http:// ift.tt/2h9N9hi|
155,|Altro|,|Ecco perché #romano ripete sempre #quarto !! #RegionaliSicilia pic.twitter.com/AkqeKa4Bo4|
156,|Altro|,|VIDEO - Regionali  domani la Sicilia al voto http:// bit.ly/2zdNOoW|
157,|Altro|,|Regionali  Casaleggio lancia la volata ai 5 stelle: “Ho trovato una Sicilia festosa sono scaramantico e non dico… http:// dlvr.it/PzBD8d pic.twitter.com/dmQw1xjWOr|
158,|Altro|,|Attenti a quei due Latina: regionali in Sicilia e conseguenze nel Lazio http://www. latinaquotidiano.it/attenti-a-quei -due-latina-regionali-in-sicilia-e-conseguenze-nel-lazio/ …|
159,|Altro|,|Come si vota per le persone con disabilita #iovoto #comevoto #possovotare #voto #elezioni #regionali #sicilia pic.twitter.com/AA4OoRdv71|
160,|Altro|,|'E domani in Sicilia si vota per le Regionali ... Speriamo che non ''''tutto cambi perché tutto rimanga com''è'''' (T. di Lampedusa) pic.twitter.com/fe5op5hWhX'|
161,|Altro|,|Elezioni regionali Sicilia : le riflessioni il voto il baratro la speranza http://www. lavocedellisola.it/2017/11/elezio ni-regionali-sicilia-le-riflessioni-voto-baratro-la-speranza/ … via @LaVocedellIsola|
162,|Altro|,|Quindi è evidente anche dalle parole sincere del segretario del #Pd e dall’utilizzo dell’avversativa: #Micari non è il candidato migliore nelle #elezioni regionali in #Sicilia https:// twitter.com/repubblica/sta tus/926750666285920256 …|
163,|Altro|,|Sicilia  più di 4 milioni a urne per Regionali : come si vota https:// goo.gl/fb/GeYF2y #costumeesocietà #photogallery|
164,|Altro|,|'Elezioni regionali in Sicilia : istruzioni per l''uso. Come e quando si vota - FiloDiretto http:// fb.me/7TgDsA9j2'|
165,|Altro|,|'Elezioni regionali in Sicilia : istruzioni per l''uso. Come e quando si vota - https://www. filodirettomonreale.it/2017/11/04/ele zioni-regionali-sicilia-come-votare/ … pic.twitter.com/b8k2iiiHRM'|
166,|5stelle|,|Regionali  Casaleggio lancia la volata ai 5 stelle: “Ho trovato una Sicilia festosa sono scaramantico e non dico… http:// larep.it/2hEDkF2|
167,|5stelle|,|Sicilia  i deputati regionali del Movimento 5 Stelle restituiscono lo stipendio - Il Fatto Quotidiano http:// fb.me/7DU7YlfzM|
168,|5stelle|,|Dipende tutto dai risultati finali delle votazioni regionali . E poi la cosa più importante è che la Sicilia scelga il futuro che spetta!|
169,|Altro|,|Sicilia  più di 4 milioni a urne per Regionali : come si vota – Grandangolo Agrigento http:// fb.me/EPeegvLB|
170,|Altro|,|#Regionali in #Sicilia  chiamate domani alle urne 46 milioni di persone http:// ow.ly/HUPb30glM8c #5novembre|
171,|Altro|,|Sicilia  elezioni regionali . Domani si vota. Ecco come Domenica 5 novembre 2017 in Sicilia si vota per eleggere... http:// fb.me/7WV24BLHG|
172,|Altro|,|Sicilia  elezioni regionali . Domani si vota. Ecco come Domenica 5 novembre 2017 in Sicilia si vota per eleggere... http:// fb.me/Qn3Yn9v3|
173,|Altro|,|Sicilia  elezioni regionali . Domani si vota. Ecco come Domenica 5 novembre 2017 in Sicilia si vota per eleggere... http:// fb.me/98W9HoVFB|
174,|ForzaItalia|,|Comizio di chiusura a Messina del candidato #Udc alle regionali in #Sicilia Cateno De Luca pic.twitter.com/KfvVQS6PNl|
175,|ForzaItalia|,|'Regionali Sicilia al rush finale. Renzi: ''Voto importante per futuro isola'' - Politica - ANSA.it ANCORA CHE PARLA STO SOGGETTO!!! BASTAAAA!'|
176,|ForzaItalia|,|Comizio di chiusura del candidato #Udc alle regionali in #Sicilia Giuseppe Catania #Musumecipresidente pic.twitter.com/wKaIO9EyGr|
177,|Altro|,|Verso le Regionali  domani si vota in Sicilia . Lotta Musumeci-Cancelleri? | EOLIE NEWS - NOTIZIARIO DELLE ISOLE... http:// fb.me/906WbtXzA|
178,|Altro|,|#RegionaliSicilia : scatta il silenzio elettorale domani la #Sicilia al voto http://www. infoagrigento.it/54365-regional i-2017-scatta-silenzio-elettorale-domani-la-sicilia-al-voto …|
179,|Altro|,|#RegionaliSicilia https:// twitter.com/Moonlightshad1 /status/926712180094984192 …|
180,|5stelle|,|Quando é troppo é troppo! #Salviniseiunbuffone #RegionaliSicilia #Salvini #Berlusconi #Meloni pic.twitter.com/FYXy3fxqaP|
181,|Altro|,|Verso le Regionali  domani si vota in Sicilia . Lotta Musumeci-Cancelleri? | EOLIE NEWS - NOTIZIARIO DELLE ISOLE... http:// fb.me/3LQ2i37fV|
182,|ForzaItalia|,|#ellekappa sente odor di voto e si scatena. #regionalisicilia2017 #RegionaliSicilia pic.twitter.com/9kpVrz1iUs|
183,|Altro|,|'Temo che il dato più disarmante sarà l''affluenza. Azzardo: più di un #siciliano su due non voterà. Spero di sbagliarmi. #RegionaliSicilia https:// twitter.com/vittoriozuccon i/status/926623950532116480 …'|
184,|5stelle|,|I DIPENDENTI REGIONALI DELLA SICILIA SONO 60 MILA INUTILI COME CROCETTA|
185,|Altro|,|Elezioni regionali in Sicilia . Quando e come si vota. Indicazioni utili per gli elettori https:// goo.gl/fhyTUd|
186,|5stelle|,|'#RegionaliSicilia ..un giorno vi dirò «Ve L''Avevo Detto!» Vota Tranquillamente = Cancelleri Se Non Vuoi Restare Un Idiota pic.twitter.com/OAy8LbXThN'|
187,|5stelle|,|… ..tutte queste facce sono state cancellate tranne 1ª Restò solo la faccia di #Cancellieri #M5s #RegionaliSicilia pic.twitter.com/1kGzH9J1L1|
188,|5stelle|,|#SceglieteIlFuturo #CancelleriPresidente #RegionaliSicilia pic.twitter.com/mbuYixXrPT|
189,|5stelle|,|#RegionaliSicilia #regionalisicilia2017 …ecco a chi dovete Votare Se rivuoi che la sicilia un giorno ti bussi …e ti da #Aiuto . pic.twitter.com/195bdvjjra|
190,|5stelle|,|… ..cambia tutte le città Siciliane Basta Guardare questo tweet Se ancora vuoi la #Sicilia che ti piaceva #Regionali pic.twitter.com/1Q9hJmoC85|
191,|5stelle|,|@ignaziocorrao sei un grande! Così si riduce la disoccupazione #RegionaliSicilia pic.twitter.com/sr01CqijGd|
192,|5stelle|,|+++ …campagna elettorale positiva per la #Sicilia …gli unici che cambieranno effettivamente la Sicilia #regionali pic.twitter.com/pxo73PYcHF|
193,|Altro|,|https:// youtu.be/rfgr9XwsFYI #Sicilia #Regionali #Elezioni|
194,|Altro|,|#ElezioniSicilia2017 chi sarà il nuovo presidente #ARS #regionalisicilia2017 #RegionaliSicilia|
195,|Altro|,|Elezioni regionali Sicilia : le riflessioni il voto il baratro la speranza... http:// fb.me/1Fv9xDsUD|
196,|Altro|,|Elezioni regionali Sicilia : le riflessioni il voto il baratro la speranza http://www. lavocedellisola.it/2017/11/elezio ni-regionali-sicilia-le-riflessioni-voto-baratro-la-speranza/ … pic.twitter.com/qL54Wn75cH|
197,|5stelle|,|Fin quando spenderanno 1200 euro x #iphoneX non potrà sorprenderci chi vota ancora #Berlusconi #Salvini #meloni ... #BeSaMe #regionaliSicilia|
198,|Altro|,|Elezioni Regionali in Sicilia  il 5 novembre 45 milioni di elettori alle urne... #news #Milano https:// goo.gl/a4KeiM|
199,|Altro|,|Regionali  tutti i candidati provincia per provincia #regionali2017 #sicilia http:// gds.it/2017/11/04/reg ionali-tutti-i-candidati-provincia-per-provincia_749767/?utm_medium=feed&utm_source=twitter.com&utm_campaign=Feed%3A+gds_twitter_feed … pic.twitter.com/cB1oQZnWE2|
200,|Altro|,|Elezioni Regionali in Sicilia  il 5 novembre 45 milioni di elettori alle urne http:// ift.tt/2ytoUCr|
201,|Altro|,|Musei Regionali in Sicilia http:// fb.me/1Iut16ZX0|
202,|Altro|,|Regionali Sicilia 2017 libero sondaggio - Intenzioni di voto - Caltanisset ... - https://www. caltanissettalive.it/regionali-sici lia-2017-libero-sondaggio-intenzioni-di-voto/ … #Caltanissetta #News #Informazione pic.twitter.com/J3PtRnV97K|
203,|Altro|,|Sicilia  elezioni regionali . Domani si vota. Ecco come http:// ift.tt/2hDDYTk #Sicilia #Notizie #Tp24|
204,|ForzaItalia|,|Berlusconi Salvini Meloni «patto dell&rsquo;arancino» per le Regionali in Sicilia : «È andato tutto bene vero?» http://www. corriere.it/politica/17_no vembre_03/berlusconi-salvini-meloni-siglato-patto-dell-arancino-le-regionali-sivilia-3b21f8f4-c048-11e7-8b75-0df914d10fe2.shtml … pic.twitter.com/IkhsvC1RDl|
205,|5stelle|,|Video – Importante appello di Alessandro Di Battista per le elezioni regionali in Sicilia del 5 novembre.... http:// fb.me/2fMa9m8uY|
206,|ForzaItalia|,|Elezioni regionali Sicilia  candidato 5 stelle mente su assenza di condanne: espulso da Cancellieri http:// ift.tt/2iY1U7p|
207,|Altro|,"|'Da Riparte il Futuro "" Con l''avvicinarsi del voto di domenica 5 novembre per le elezioni Regionali in Sicilia ... http:// fb.me/2hpHUuXLO'|"
208,|Altro|,|Regionali  Renzi: “Elezioni importanti per il futuro del Sicilia  Micari il miglior candidato” (Stretto web) http:// bit.ly/2hDVOFE pic.twitter.com/8wnt0wEaND|
209,|Altro|,|'Regionali Sicilia  Renzi: “Voto importante per il futuro dell''Isola” (News Mondo) http:// bit.ly/2hCSRoP pic.twitter.com/7b70emmWpn'|
210,|Altro|,|Elezioni regionali #Sicilia 2017: candidati ultimi sondaggi e come si vota http:// flip.it/Nw4O48|
211,|Altro|,|Una puntata speciale quella di questa settimana di 5giornia5stelle in vista delle elezioni regionali in Sicilia ;... http:// fb.me/92lPLxdqx|
212,|5stelle|,|. #Sicilia  meno 1. Non votate per gli #impresentabili  non fatevi fregare. #RegionaliSicilia #SceglieteIlFuturo #CancelleriPresidente https:// twitter.com/Ilenia1970/sta tus/926584789045571585 …|
213,|Altro|,|Appunto si vota il 5 novembre. Ci spiegate di grazia a che serve il vs confronto il 5 sera o peggio ancora il 7 dopo #RegionaliSicilia ?|
214,|Altro|,|Elezioni regionali Sicilia 2017: candidati ultimi sondaggi e come si vota https://www. termometropolitico.it/1273282_elezio ni-regionali-sicilia-sondaggi.html …|
215,|Altro|,|Regionali Sicilia Se saliremo alla regione i primi dieci giorni faremo la Legge 800A. Verrano aboliti tutti i... http:// fb.me/14bPnjxKE|
216,|Altro|,|Una puntata speciale quella di questa settimana di 5giornia5stelle in vista delle elezioni regionali in Sicilia ;... http:// fb.me/1CoE9WaTG|
217,|5stelle|,|In #Sicilia domenica si vota ben di più delle regionali . Se vince il @Mov5Stelle significa che il cambiamento é cominciato e non si fermerà!|
218,|Altro|,|Regionali Sicilia  domenica 5 al voto https:// goo.gl/fb/cYDk3A|
219,|5stelle|,|Oddio questi fanno paura. Ma halloween non é finito??? #politici #FI #regionali #Sicilia #berlusconi #propagandalive #la7|
220,|Altro|,|Elezioni regionali Sicilia - Come si vota http:// fb.me/Gz9RPnDk|
221,|Altro|,|Regionali Sicilia : #Grillo  #DiMaio e #DiBattista a #Palermo per #Cancelleri http:// larep.it/2ysNIKv http:// larep.it/2hCJJk7 [a]|
222,|Altro|,|Elezioni regionali Sicilia - Come si vota http://www. rainews.it/dl/rainews/TGR /media/Elezioni-regionali-Sicilia-Come-si-vota-67ba00b4-273a-48f8-b2b2-f0e3ddf6cb1f.html … via @RaiNews|
223,|Altro|,|'Regionali Sicilia  domenica la sfida all''ultimo voto | Gli appelli di Musumeci Cancelleri… https:// goo.gl/fb/AAbJQW'|
224,|5stelle|,|Una puntata speciale quella di questa settimana di 5giornia5stelle in vista delle elezioni regionali in Sicilia ;... http:// fb.me/10OKaYT8S|
225,|5stelle|,|Che squallore... #Lega in #Sicilia ... Elemosinare i voti da una platea altrettanto mediocre! #regionali #propagandalive #la7|
226,|Altro|,|Elezioni regionali : #iovoto e sondaggi come votare in Sicilia domenica 5 novembre https://www. balarm.it/articoli/magaz ine/tra-iovoto-e-i-sondaggi-come-votare-in-sicilia-domenica-5-novembre-19737#.WfzlHfZv9tY.twitter …|
227,|Altro|,|#propagandalive #RegionaliSicilia per #Musumeci pic.twitter.com/52Dt1bOtNs|
228,|Altro|,|Bellissimo servizio adesso sulle elezioni Regionali in onda su #propagandalive #regionalisicilia2017 #Sicilia #ElezioniSicilia2017|
229,|Altro|,|#propagandalive #RegionaliSicilia pic.twitter.com/D5f7kYQMs3|
231,|Altro|,|Peccato sono di erezioni regionali !! #RegionaliSicilia|
232,|5stelle|,|Regionali Sicilia : #Grillo  #DiMaio e #DiBattista a #Palermo per #Cancelleri http:// larep.it/2ysNIKv|
233,|Altro|,|'Damilano che legge Sciascia per spiegare le Regionali in Sicilia ce l''abbiamo solo noi. (Sta ritornando il clima di #Gazebo ) #PropagandaLive'|
234,|Altro|,|#Tg2000 La sfida per le elezioni regionali in Sicilia @PierluigiVito @luciobrunelli https:// youtu.be/TGN1ERr_VV8|
235,|5stelle|,|Regionali Sicilia : Grillo Di Maio e Di Battista a Palermo per Cancelleri https:// goo.gl/fb/oFc2ZV|
236,|Altro|,|Ma un’ora di Crozza sulla Sicilia alla vigilia delle #RegionaliSicilia che scopo ha?|
237,|5stelle|,|Regionali Sicilia : Grillo Di Maio e Di Battista a Palermo per Cancelleri http:// larep.it/2hCYRxZ|
238,|Altro|,|New post: Elezioni regionali Sicilia 2017 gli ultimi appelli dei 5 candidati http:// vivicapena.com/elezioni-regio nali-sicilia-2017-gli-ultimi-appelli-dei-5-candidati/ … http:// fb.me/yDnE2tWj|
239,|Altro|,|New post: Elezioni regionali Sicilia 2017 gli ultimi appelli dei 5 candidati http:// vivicapena.com/elezioni-regio nali-sicilia-2017-gli-ultimi-appelli-dei-5-candidati/ …|
240,|5stelle|,"|#RegionaliSicilia ""CANNOLI SICILIANI""(EBaraldi) Intervista a #Cuffaro su ""cuffarismo"" e sistema di potere in Sicilia :Vincerà il centrodestra pic.twitter.com/ibdoaQv7XT|"
241,|Altro|,|Regionali in Sicilia  Micari a rischio ineleggibilità: il candidato dem non s… http://www. lanotiziagiornale.it/regionali-in-s icilia-micari-a-rischio-ineleggibilita-il-candidato-dem-non-si-e-dimesso-da-rettore-ma-la-legge-non-lo-consente-il-caso-in-parlamento/ …  see more http:// tweetedtimes.com/deegibons?s=tnp|
242,|ForzaItalia|,"|Regionali Sicilia  Berlusconi a Catania: ""Niente tasse per i siciliani che tornano a casa"" Giovanni Affatigato... http:// fb.me/zWqqq2D4|"
243,|Altro|,|Regionali in Sicilia  Micari a rischio ineleggibilità: il candidato dem non si è dimesso da rettore. https:// twitter.com/GiuliaDiVita/s tatus/926422883831812096 …|
244,|5stelle|,|Regionali Sicilia  i big M5s a Palermo in sostegno di Cancelleri http:// larep.it/2hCjpH6|
245,|Altro|,|Elezioni regionali Sicilia 2017: candidati ultimi sondaggi e come si vota https:// lnkd.in/gDwHk89|
247,|5stelle|,|Regionali  Casaleggio lancia la volata ai 5 stelle: “Ho trovato una Sicilia festosa sono scarama… http:// palermo.repubblica.it/politica/2017/ 11/03/news/regionali_casaleggio_lancia_volata_ai_5_stelle_ho_trovato_una_sicilia_festosa_sono_scaramantico_e_non_dico_altro_-180165267/ … via @repubblica|
248,|ForzaItalia|,|ELEZIONI REGIONALI SICILIA : scommetto sul flop dei 5Stelle. chi scommette? #elezionisicilia #ElezioniSicilia2017 #elezionisiciliane #Grillo|
249,|5stelle|,|#regionali #Sicilia #impresentabili #mensiles #esse #ars #politics @Via Etnea Catania (CCN) https://www. instagram.com/p/BbC5pbODXxr/|
250,|Altro|,|Sicilia . 17.000 dipendenti regionali . http:// palermo.repubblica.it/politica/2017/ 11/03/news/crocetta_scrive_ai_dipendenti_regionali_tanti_momenti_di_tensione_mai_mi_sono_intromesso_nel_vostro_lavoro_-180129456/ …|
251,|5stelle|,|#Sicilia #impresentabili #mensiles #speciale #Sicilia #regionali @Via Etnea Catania (CCN) https://www. instagram.com/p/BbC3QG4jMHW/|
252,|5stelle|,|Chi ama la sua terra non può che votare il #M5S #Regionali #Sicilia pic.twitter.com/gv3CQWhCeI|
253,|5stelle|,|Regionali Sicilia / Sgarbi: “Viva Cancelleri! Viva Cancelleri!” https://www. youtube.com/watch?v=siR1V1 ChP3g&feature=share …|
254,|Altro|,|#Elezioni regionali : #iovoto e #sondaggi  come votare in #Sicilia domenica 5 novembre https:// goo.gl/bHy2kk|
255,|Altro|,|Elezioni regionali Sicilia 2017 gli ultimi appelli dei 5 candidati http:// sky.tg/nKH6s #politica|
256,|Altro|,|Non so come finiranno le regionali in Sicilia ma prevedo una figura di merda a carattere nazionale|
257,|Altro|,|#M5S Stasera chiusura della campagna elettorale per le elezioni regionali in #Sicilia in Piazza Verdi a #Palermo .... http:// fb.me/ACLwA9Zp|
258,|Altro|,|Chiusura campagna elettorale di @claudiofava1 #regionalisicilia pic.twitter.com/0vDQzRVqOu|
259,|5stelle|,|Regionali  Casaleggio lancia la volata ai 5 stelle: “Ho trovato una Sicilia festosa sono scaramantico e non dico… http:// larep.it/2hCz74K|
260,|Altro|,|Elezioni Regionali di domenica: in cinque per la carica di Governatore della Sicilia http://www. lagazzettadelcalatino.it/elezioni-regio nali-di-domenica-in-cinque-per-la-carica-di-governatore-della-sicilia … pic.twitter.com/Nx4ipGhRAr|
262,|ForzaItalia|,|'Sull''onda della campagna elettorale di Nello #Musumeci per le #regionalisicilia il #centrodestra vola al 34%: http://www. centro-destra.it/wordpress/sici lia-centrodestra-sondaggi-musumeci/ … pic.twitter.com/P52RdN82W9'|
263,|Altro|,|Regionali Sicilia  corsa a cinque per la presidenza http:// ilfendente.altervista.org/news/regionali -sicilia-corsa-a-cinque-per-la-presidenza/ …|
264,|Altro|,|#ElezioniSicilia2017 #Musumecipresidente #MicariPresidente #favapresidente #CancelleriPresidente #regionalisicilia|
265,|ForzaItalia|,|Elezioni regionali in Sicilia  nasce il patto dell’arancino tra i leader del centrodestra https:// voce.com.ve/2017/11/03/275 623/sicilia-patto-arancino-berlusconi-salvini-meloni/ …|
266,|ForzaItalia|,|se affondano alle regionali in Sicilia di sicuro e allora sarà fuggi fuggi...|
268,|Altro|,|'La Sicilia al Voto. Regionali  Parisi a Comiso a sostegno dell''On. Assenza https:// youtu.be/Rw8OQIll4-U via @YouTube'|
269,|Altro|,|Ecco per chi vuoterò alle elezioni regionali in Sicilia http://www. maredolce.com/2017/11/03/vuo tero-alle-elezioni-regionali-sicilia/ …|
271,|Altro|,|VIDEO - Regionali in Sicilia  oggi i comizi finali http:// bit.ly/2hByhp1|
272,|ForzaItalia|,|Regionali : Berlusconi e Cuffaro Pregiudicati Musumeci l’Onesto Lombardo Condannato Uniti Salveranno la Sicilia ? http:// laspiapress.com/regionali-ulti mo-atto-berlusconi-pregiudicato-musumeci-lonesto-cuffaro-e-lombardo-condannati-pronti-a-salvare-la-sicilia/ …|
273,|5stelle|,|Repubblica: Regionali  Casaleggio lancia la volata ai 5 stelle: “Ho trovato una Sicilia festosa sono scaramantico e non dico altro “ …|
274,|5stelle|,|Regionali  Casaleggio lancia la volata ai 5 stelle: “Ho trovato una Sicilia festosa sono scaramantico e non dico… http:// larep.it/2zbXmRi|
276,|Altro|,|#Sicilia : #elezioni #regionali e difesa della famiglia http:// alleanzacattolica.org/sicilia-elezio ni-regionali-difesa-della-famiglia/ …|
277,|Altro|,|E inoltre: i seggi per le #RegionaliSicilia saranno aperti dalle 8 alle 22 quelli per il municipio di Ostia invece dalle 7 alle 23 https:// twitter.com/you_trend/stat us/926075140529586176 …|
278,|Altro|,|'Retweeted paolabenedetta manca ( @pbenedettamanca ): #Elezioni #regionali #Sicilia  5 novembre: cosa c''è da sapere... http:// fb.me/2eUKyM135'|
280,|Altro|,|'#Elezioni #regionali #Sicilia  5 novembre: cosa c''è da sapere http://www. quotidiano.net/cronaca/elezio ni-regionali-sicilia-1.3502993?wt_mc=twitteruser … @ettoremaria @rosalbacarbutti @ASuddiTunisi'|
281,|Altro|,|'Elezioni regionali Sicilia  5 novembre: cosa c''è da sapere - QuotidianoNet http:// fb.me/7VyjYXlF7'|
282,|Altro|,|Regionali Sicilia : corsa a cinque per la presidenza http://www. agora24.it/2017/11/region ali-sicilia-corsa-cinque-la-presidenza/ … pic.twitter.com/npFRx1yDds|
283,|5stelle|,|Puntuali alla vigilia di una consultazione elettorale arrivano i falsi endorsement #M5S #regionalisicilia2017 #RegionaliSicilia #FakeNews pic.twitter.com/pzi4JLBCJB|
284,|5stelle|,|'#Crocetta : “Sicuramente nella lista di #Cancelleri che trovo simpatico non trovo gli impresentabili e questo è un fatto positivo mentre in quelle di #Musumeci che è livoroso c''è un vecchio sistema di potere”. #regionalisicilia2017 #RegionaliSicilia pic.twitter.com/ExcpGKW9Qm'|
285,|Altro|,|Elezioni regionali  questa sera Stefano Pellegrino suona con i giovani marsalesi http:// ift.tt/2zuf7Mx #Sicilia #Notizie #Tp24|
286,|Altro|,|'Elezioni regionali  Mimmo Turano incontra gli elettori all''Hotel Haltea di Castelvetrano http:// ift.tt/2zh1xuI #Sicilia #Notizie #Tp24'|
287,|ForzaItalia|,|. @AntonioIngroia : @berlusconi RICATTATO da #CosaNostra #elezionisicilia #regionalisicilia2017 #RegionaliSicilia #regionali #leggeElettorale pic.twitter.com/lKjrhdXK0a|
288,|Altro|,|#Sicilia  @civati : «Con Regionali inizia nuova storia a #sinistra » https://www. possibile.com/sicilia-civati -regionali-inizia-nuova-storia-sinistra/ …|
289,|Altro|,|Elezioni regionali  Paolo Ruggieri chiude la campagna elettorale al comitato di via Roma http:// ift.tt/2irIZOo #Sicilia #Notizie #Tp24|
290,|Altro|,|'@blogsicilia RegionaliSicilia .Renzi:“Seguito ‘ModelloPalermo’ con Micari”.Sotto potete vedere in tutto il suo splendore il ''ModelloPalermo'' pic.twitter.com/kVIoaNB8PE'|
291,|Altro|,|Sicilia : elezioni regionali e difesa della famiglia - Alleanza Cattolica http:// fb.me/14wnB4FFn|
292,|5stelle|,|Chi ama la sua terra non può che votare il #M5S #Regionali #Sicilia https://www. instagram.com/p/BbCee1onbbR/|
293,|Altro|,|Regionali Sicilia : Micari sullo Stretto di Messina con imprenditori e giovani http:// larep.it/2hB8Tzy|
294,|Altro|,|http://www. treccani.it/magazine/atlan te/geopolitica/Elezioni_regionali_in_Sicilia_Per_cosa_e_come_si_votera.html?utm_source=newsletter&utm_medium=email&utm_campaign=pem … Anche la Treccani fornisce indicazioni sul voto in Sicilia #elezionisicilia #regionalisicilia2017 #RegionaliSicilia|
295,|Altro|,|Regionali Sicilia : Micari sullo Stretto di Messina con imprenditori e giovani http:// ift.tt/2zuOTcH|
296,|Altro|,|Repubblica: Regionali Sicilia : Micari sullo Stretto di Messina con imprenditori e giovani http:// ift.tt/2zuOTcH #palermo|
298,|ForzaItalia|,|#Berlusconi  #DellUtri e la morte di Mattei http:// dai.ly/x2e551l #elezionisicilia #regionalisicilia2017 #RegionaliSicilia #regionali|
299,|ForzaItalia|,|Alle prossime #elezioni regionali in #Sicilia del 5 novembre FAI VINCERE IL TUO FUTURO! VOTA #UDC ! #Sicilia2017 #Musumecipresidente pic.twitter.com/CnSQpwI7GM|
300,|ForzaItalia|,|Alle prossime #elezioni regionali in #Sicilia del 5 novembre FAI VINCERE IL TUO FUTURO! VOTA #UDC ! #Sicilia2017 #Musumecipresidente pic.twitter.com/WZjXnzJh06|
301,|ForzaItalia|,|Dopo regionali Sicilia vedremo consolidamento di CDX con Regia @Berlusconi e di @mov5stelle a guida @luigidimaio . @pdnetwork reagirà?|
302,|5stelle|,"|Guarda "" Regionali Sicilia / Sgarbi: “Viva Cancelleri! Viva Cancelleri!”"" su YouTube https:// youtu.be/siR1V1ChP3g|"
303,|5stelle|,|Questa storia di Di Maio che invita Renzi a un dibattito mentre Berlusconi sta vincendo le regionali in Sicilia ... http:// fb.me/Ag0boolq|
304,|Altro|,|Cuore di mamma #RegionaliSicilia http:// palermo.repubblica.it/politica/2017/ 11/03/news/elezioni_sicilia_trapani_ginecologa_ospedaliera_scrive_alle_pazienti_votate_per_mio_figlio_-180122792/ … via @repubblica|
305,|Altro|,|'L''intervento di @carlaruocco1 su: #RegionaliSicilia Il #podcast su: http://www. tag24.it/podcast/carla- ruocco-m5s-regionali-sicilia/ … #regionalisicilia2017 pic.twitter.com/uyiE5NYeH3'|
306,|Altro|,|'Regionali Sicilia al rush finale. Renzi: ''Voto importante per futuro isola'': Grillo e Di Maio con Cancelleri a… http:// dlvr.it/Pz3WMr'|
307,|Altro|,|Ultimi comizi in #Sicilia prima del voto per le #Regionali di domenica. Conduce Lavinia Spingardi commentate con #TG24Pomeriggio . pic.twitter.com/s1hBSZWHz7|
308,|Altro|,|Musei Regionali in Sicilia - https://www. google.com/maps/d/viewer? mid=1rupR01JKpidxwdC2inzI-e1ULIE&hl=it&usp=sharing …|
309,|Altro|,|La campagna elettorale per le elezioni regionali in Sicilia è giunta al termine ma non per i Social: http:// bit.ly/2zcRvsO|
310,|Altro|,|La campagna elettorale per le elezioni regionali in Sicilia è giunta al termine ma non per i Social: http:// bit.ly/2xXYFja|
311,|Altro|,|Domenica e Lunedì #maratonaRS Una diretta No-Stop per raccontarvi le Elezioni Regionali Sicilia . http:// fb.me/LW6sSBdn|
312,|Altro|,|'Elezioni regionali Sicilia : linguaggio ''colorito'' della campagna elettorale http:// it.blastingnews.com/opinioni/2017/ 11/elezioni-regionali-sicilia-linguaggio-colorito-della-campagna-elettorale-002138217.html …'|
313,|5stelle|,|'Perchè #Berlusconi condannato indagato 81 anni è ancora sulla scena politica e promette l''impossibile? Perchè Giuseppe #Graviano dal carcere non ha tenuto la bocca chiusa. #elezionisicilia #regionalisicilia2017 #RegionaliSicilia #regionali Stretto #3novembre pic.twitter.com/PLBrM2jWqZ'|
314,|Altro|,|Tra circa 58 ore avremo il primo antipasto della disfatta pdiota con le elezioni regionali in Sicilia ...|
315,|Altro|,|Regionali  palchi divisi per centrodestra ma poi tutti a tavola (La Sicilia ) http:// bit.ly/2hCIeCN pic.twitter.com/ELKSMVbIVG|
316,|Altro|,|Chi vincerà in #Sicilia alle elezioni #regionalisicilia2017 ? #RegionaliSicilia|
317,|Altro|,|Check out my Elezioni Regionali Sicilia 2017: le affissioni a Palermo gallery http:// bit.ly/2ztxK2S|
318,|Altro|,|Elezioni regionali  appello al voto di Baldo Gucciardi http:// ift.tt/2AgHHhi #Sicilia #Notizie #Tp24|
319,|Altro|,|'Regionali Sicilia al rush finale. Renzi: ''Voto importante per futuro isola'': Grillo e Di Maio con Cancelleri a… http://www. ansa.it/sito/notizie/p olitica/2017/11/03/regionali-sicilia-al-rush-finale-gli-ultimi-appelli_683d603d-4dbb-4186-bbf8-2c60b2b63bb4.html … pic.twitter.com/nxET5NmxTF'|
320,|Altro|,|Domenica 5 Novembre urne aperte in Sicilia per le elezioni regionali .|
321,|Altro|,|Sicilia  Civati: «Con Regionali inizia nuova storia a sinistra» http:// dlvr.it/Pz2yZp pic.twitter.com/1wS2Yol7T3|
322,|ForzaItalia|,|Retweeted Enrico Cappelletti ( @e_cappelletti ): Elezioni regionali in Sicilia : i cittadini sceglieranno se... http:// fb.me/3QL1b0eOP|
323,|Altro|,|Elezioni regionali Sicilia 2017 come e quando si vota https:// goo.gl/fb/21pgL9|
324,|Altro|,|Regionali Sicilia al rush finale gli ultimi appelli https:// goo.gl/fb/93rCWh|
325,|Altro|,|Alla vigilia delle regionali in Sicilia  una vignetta di Davide Racca per Carteggi Letterari.... http:// fb.me/FOaH7Uu3|
326,|Altro|,|Regionali Sicilia al rush finale gli ultimi appelli https:// goo.gl/fb/3LWE7c #thexeon|
327,|5stelle|,"|Regionali in Sicilia : M5S ""Micari a rischio ineleggibilità non si è dimesso da rettore"" - http://www. lagazzettaennese.it/2017/11/region ali-in-sicilia-m5s-micari-a-rischio-ineleggibilita-non-si-e-dimesso-da-rettore/ … pic.twitter.com/VRBNZLFRUq|"
328,|Altro|,|Regionali Sicilia : i precedenti e le aspettative dei partiti - http://www. lagazzettaennese.it/2017/11/region ali-sicilia-i-precedenti-e-le-aspettative-dei-partiti/ … pic.twitter.com/FIjKfthxJL|
329,|Altro|,|Elezioni Regionali Sicilia 2017 - LIVE BLOG http://www. ansa.it/sito/notizie/p olitica/2017/11/02/elezioni-regionali-sicilia-2017-live-blog_b8fbb067-dd66-4d3d-9557-20fd357920bf.html … pic.twitter.com/7pHRfPioiO|
330,|Altro|,|Rai la programmazione per le regionali in Sicilia #Yahoo ! Italia - Notizie #Finanza https://www. dukascopy.com/refpro/in.php? aHR0cHM6Ly93d3cuZHVrYXNjb3B5LmNvbS9meHNwaWRlci9pdC81MDk3MTM1MDcwNTg3Nzc5NjY5Lz91dG1fc291cmNlPXR3aXR0ZXImdXRtX21lZGl1bT1zb2NpYWwmdXRtX2NhbXBhaWduPWZ4c3BpZGVyJTIwdHdpdHRlciUyMHBvc3RpbmcKc3BwLXR3LVNwaWRJVA== …|
331,|Altro|,|Regionali Sicilia al rush finale gli ultimi appelli https:// goo.gl/fb/GHvtLW|
332,|Altro|,|Elezioni Regionali Sicilia 2017 - LIVE BLOG http://www. ansa.it/sito/notizie/p olitica/2017/11/02/elezioni-regionali-sicilia-2017-live-blog_b8fbb067-dd66-4d3d-9557-20fd357920bf.html … pic.twitter.com/sIvZgRUYbm|
333,|Altro|,|Elezioni Regionali Sicilia 2017 - LIVE BLOG http://www. ansa.it/sito/notizie/p olitica/2017/11/02/elezioni-regionali-sicilia-2017-live-blog_b8fbb067-dd66-4d3d-9557-20fd357920bf.html … pic.twitter.com/TMnTxOCajY|
334,|5stelle|,|Preferisco pagare le mie oneste tasse che tornare in un paese che rivota questo criminale #berlusconi #forzaitalia #regionali #sicilia https:// twitter.com/repubblica/sta tus/926148450986504192 …|
335,|ForzaItalia|,|#astensione #astensione #regionali #Sicilia #Sicily #Catania #voto #sappiatelo #politics @… https://www. instagram.com/p/BbCIg6zj3a5/|
336,|Altro|,|Regionali Sicilia : i precedenti e le aspettative dei partiti https:// goo.gl/fb/vkdw6V|
337,|Altro|,|Regionali Sicilia : i precedenti e le aspettative dei partiti https:// goo.gl/fb/6zpoje|
338,|Altro|,|Elezioni regionali  appello al voto di Paolo Ruggirello http:// ift.tt/2hz4xsS #Sicilia #Notizie #Tp24|
339,|ForzaItalia|,|Il pienone di #Berlusconi in #Sicilia #elezionisicilia #MusumeciPresidente #RegionaliSicilia #Catania #Palermo http:// meridionews.it/articolo/60171 /berlusconi-torna-a-catania-e-fa-il-pienone-alle-ciminiere-il-ponte-piano-marshall-e-anche-un-casino-a-taormina/ … pic.twitter.com/zxOTwNCuGk|
340,|ForzaItalia|,"|#regionalisicilia ""Benvenuti nel centrodestra dell’uomo delle stelle"" La cena delle beffe alla trattoriadelCavaliere https:// infosannio.wordpress.com/2017/11/03/la- cena-delle-beffe-alla-trattoria-del-cavaliere/ …|"
341,|Altro|,|El próximo 5 de noviembre #Sicilia elige a su nuevo Presidente y parlamento regional con la vista puesta en las elecciones italianas de 2018 pic.twitter.com/EZff1HGwws|
342,|Altro|,|Regionali in Sicilia  Micari a rischio ineleggibilità: il candidato dem non si è dimesso da rettore. http://www. lanotiziagiornale.it/regionali-in-s icilia-micari-a-rischio-ineleggibilita-il-candidato-dem-non-si-e-dimesso-da-rettore-ma-la-legge-non-lo-consente-il-caso-in-parlamento/#.WfxeDTJ7OD4.twitter …|
343,|5stelle|,|#RegionaliSicilia #M5S disonesti perché incapaci Ecco i veri impresentabili @VittorioSgarbi @Musumeci_Staff @FratellidItaIia @forza_italia pic.twitter.com/Po26kF1HOz|
344,|Altro|,|Elezioni regionali : quando e come si vota in Sicilia . TUTTE LE INFO http:// fb.me/1HtZwQytN|
345,|ForzaItalia|,|Regionali Sicilia  un condannato nella lista M5s. Cancelleri: Ciappina ci ha mentito è fuori- http:// notizieoggi.com/?p=214452|
346,|ForzaItalia|,"|'Regionali Sicilia  Berlusconi Salvini e Meloni a cena: ""Il patto dell''arancino"". Il video http:// bit.ly/2yruxRz pic.twitter.com/0tLyMGTryd'|"
347,|Altro|,|Regionali Sicilia : i precedenti e le aspettative dei partiti http:// ow.ly/e8ip50eYmCE|
348,|5stelle|,|Regionali Sicilia / Sgarbi: “Viva Cancelleri! Viva Cancelleri!” http:// fb.me/6JseTVQP5|
349,|Altro|,|ANSA Sicilia : Regionali Sicilia : i precedenti e le aspettative dei partiti http:// ift.tt/2A38eho #sicilia|
350,|5stelle|,|'Regionali Sicilia  lezione all''università a 3 giorni dal voto per il deputato grillino http:// larep.it/2hzOH1i'|
351,|ForzaItalia|,|Regionali Sicilia : i precedenti e le aspettative dei partiti. Storicamente ha sorriso a centrodestra ma dal 2013 … http:// ift.tt/2A38eho|
352,|ForzaItalia|,|La cena dell’arancino. #RegionaliSicilia pic.twitter.com/wSZfl2ZwTT|
353,|Altro|,|Regionali Sicilia 2017 guida al voto https:// goo.gl/fb/mVcsQx #thexeon|
354,|Altro|,|REGIONALI  RUSH FINALE IN SICILIA : http:// youtu.be/wBxKgsy4eTE?a tramite @YouTube|
355,|Altro|,|Ho aggiunto un video a una playlist di @YouTube : http:// youtu.be/wBxKgsy4eTE?a REGIONALI  RUSH FINALE IN SICILIA|
356,|ForzaItalia|,|#RegionaliSicilia Cancelleri Giovanni Carlo detto Giancarlo detto Cancelleri. Volete mettere pure il nomignolo con cui lo chiama la madre? pic.twitter.com/LaRUAVYswg|
357,|Altro|,|Elezioni Sicilia  il governo Renzi-Berlusconi c’è già: dopo le regionali pezzi del Pd pronti a sostenere Musumeci http://www. ilfattoquotidiano.it/2017/10/28/ele zioni-sicilia-governo-renzi-berlusconi-ce-gia-dopo-le-regionali-pezzi-del-pd-pronti-a-sostenere-musumeci/3941700/ …|
358,|ForzaItalia|,|'#RegionaliSicilia  Patto dell''Arancinotra Salvini Berlusconi e Meloni. A cena tanti sorrisi ma Salvini rimanda discussioni dopo elezioni pic.twitter.com/mmvz4SPtjm'|
359,|ForzaItalia|,|Regionali Sicilia  un condannato nella lista M5s. Cancelleri: Ciappina ci ha mentito è fuori @LaStampa http://www. lastampa.it/2017/11/02/ita lia/politica/sicilia-un-condannato-nella-lista-ms-gionata-ciappina-zIj2rvTHBKAAopoiFvCkyH/pagina.html …|
360,|Altro|,|Regionali Sicilia  tutto quello da sapere per il voto di domenica articolo di Palermomania.it https://www. palermomania.it/news/cronaca-e -politica/regionali-sicilia-tutto-quello-da-sapere-per-il-voto-di-domenica-95367.html#.WfxDKweEJ7g.twitter …|
361,|ForzaItalia|,|Regionali Sicilia  Berlusconi a Palermo: “No a M5s chi li vota non ragiona”- http:// notizieoggi.com/?p=214338|
362,|Altro|,|Regionali  Riccardo Gallo: “Armao preziosa occasione a soluzione precariato in Sicilia ” – Grandangolo Agrigento http:// fb.me/6gMakwPG1|
363,|Altro|,|Regionali  Riccardo Gallo: “Armao preziosa occasione a soluzione precariato in Sicilia ” - http://www. grandangoloagrigento.it/regionali-ricc ardo-gallo-armao-preziosa-occasione-a-soluzione-precariato-in-sicilia/ …|
364,|5stelle|,|Regionali Sicilia / Sgarbi: “Viva Cancelleri! Viva Cancelleri!” https:// youtu.be/siR1V1ChP3g via @YouTube|
365,|Altro|,"|Regionali  #Gallo : ""Con #Armao soluzione del #precariato in #Sicilia "": https:// goo.gl/8ghqaW @gaearmao #EleSicilia #Sicilia2017|"
366,|Altro|,|#RegionaliSicilia Il diario #politico tra comizi e polemiche #oggiinedicola pic.twitter.com/u7OXKwcaSW|
367,|Altro|,|Regionali Sicilia 2017 come e dove richiedere la tessera elettorale http:// ift.tt/2hzhfaT|
368,|Altro|,|chi votereste domenica alle regionali in sicilia ? #lariachetira #tagadala7 #agorarai #dallavostraparte #omnibusla7|
369,|Altro|,"|Regionali  Gallo: ""Con Armao soluzione del precariato in Sicilia "" http:// dlvr.it/Pz0xrq pic.twitter.com/zaAsAM05zx|"
370,|ForzaItalia|,|A #Catania per chiusura della campagna elettorale regionali #Sicilia del centrodestra con @matteosalvinimi @GiorgiaMeloni @berlusconi pic.twitter.com/hNrBVlzXZB|
371,|Altro|,|Palermo Today: Regionali Sicilia 2017 come e dove richiedere la tessera elettorale http:// ift.tt/2hzhfaT #palermo|
372,|Altro|,|Regionali  Riccardo Gallo: “Armao preziosa occasione a soluzione precariato in Sicilia ” – Grandangolo Agrigento http:// fb.me/XOVEOdYm|
373,|Altro|,|Regionali Sicilia 2017 come e dove richiedere la tessera elettorale http://www. mondopalermo.it/news/regionali -sicilia-2017-come-e-dove-richiedere-la-tessera-elettorale/ …|
374,|5stelle|,|Regionali Sicilia / Sgarbi: “Viva Cancelleri! Viva Cancelleri!”: http:// youtu.be/siR1V1ChP3g?a tramite @YouTube|
375,|Altro|,|Regionali Sicilia 2017 come e dove richiedere la tessera elettorale http:// dlvr.it/Pz0vQ6 pic.twitter.com/BomzemXWDs|
376,|Altro|,|'Lunedì mattina sarò ospite del TGS per commentare in diretta lo spoglio delle Elezioni Regionali Sicilia 2017! Ringrazio @GDS_it x l''invito!'|
377,|Altro|,|#5novembre #DomenicalMuseo Gratis #musei regionali #Sicilia https:// goo.gl/qTgYCe #VisitSicilyinfo ph P Balistr… https:// twitter.com/VisitSicilyOP/ status/926376786858037248 … ) pic.twitter.com/l5hW1rGAuO|
378,|Altro|,|#VisitSicilyOP : #5novembre #DomenicalMuseo Gratis #musei regionali #Sicilia https:// goo.gl/qTgYCe #VisitSicilyi … https:// twitter.com/i/web/status/9 26376786858037248 …|
379,|ForzaItalia|,"|#Catania Regionali in Sicilia : Silvio Meloni e Salvini allo stesso tavolo ""Trattoria del Cavaliere"" GUARDA LE FOTO http://www. lasiciliaweb.it/fotogalleria/1 55068 … pic.twitter.com/AiZaVCfLfE|"
380,|Altro|,|#5novembre #DomenicalMuseo Gratis #musei regionali #Sicilia https:// goo.gl/qTgYCe #VisitSicilyinfo ph P Balistreri exStabFlorio #Egadi pic.twitter.com/kctjTzwHvp|
381,|Altro|,|#5novembre - Elezioni regionali in #Sicilia . Per cosa e come si voterà http://www. treccani.it/magazine/atlan te/geopolitica/Elezioni_regionali_in_Sicilia_Per_cosa_e_come_si_votera.html … pic.twitter.com/xxeg2Uc4Z5|
382,|Altro|,|#regionalisicilia #musumecipresidente Questa mattina alle 1130 a Comiso con Giorgio Assenza. @stampasgarbi @Lasiciliaweb pic.twitter.com/Ju5u7YTRX3|
383,|Altro|,|A lavorare come ogni giorno aspetto lunedi con interessa aspetto lesito delle elezioni regionali in sicilia ... http:// fb.me/K8aXXcrf|
384,|5stelle|,|Regionali in #Sicilia  #Micari a rischio ineleggibilità. Il caso sollevato da @GiuliaDiVita e @Chiara_DiBe http://www. lanotiziagiornale.it/regionali-in-s icilia-micari-a-rischio-ineleggibilita-il-candidato-dem-non-si-e-dimesso-da-rettore-ma-la-legge-non-lo-consente-il-caso-in-parlamento/#.WfwvXFsu8Ng.twitter …|
385,|ForzaItalia|,|'Regionali in Sicilia  grillino fa volantinaggio a convention Berlusconi: ''Voglio convertirli'' https:// video.repubblica.it/edizione/paler mo/regionali-in-sicilia-grillino-fa-volantinaggio-a-convention-berlusconi-voglio-convertirli/288724/289330 … via @repubblica'|
386,|ForzaItalia|,|Elezioni regionali  lettera aperta ai cittadini di Eleonora Lo Curto http:// ift.tt/2zeiIx7 #Sicilia #Notizie #Tp24|
387,|ForzaItalia|,|Elezioni regionali in Sicilia : i cittadini sceglieranno se portare la regione nel futuro o nel.... trapassato... http:// fb.me/7fNbP3w2o|
388,|Altro|,|Non solo #Sicilia . Con #Lombardia e #Lazio nel 2018 al voto sette regioni #regionali http://www. ilsole24ore.com/art/notizie/20 17-11-02/non-solo-sicilia-lombardia-e-lazio-2018-voto-sette-regioni-153301.shtml?uuid=AEWck81C …|
389,|Altro|,|Elezioni Regionali Sicilia 2017 - LIVE BLOG http://www. ansa.it/sito/notizie/p olitica/2017/11/02/elezioni-regionali-sicilia-2017-live-blog_b8fbb067-dd66-4d3d-9557-20fd357920bf.html … pic.twitter.com/r6nbceG4co|
390,|Altro|,|Se i big dei mercati guardano alla #Sicilia #M5S #Regionali @isa_bufacchi http://www. ilsole24ore.com/art/notizie/20 17-11-02/se-big-mercati-guardano-sicilia-214844.shtml?uuid=AEiKmK2C …|
391,|5stelle|,"|Regionali Sicilia  Berlusconi ""Niente tasse per i siciliani che tornano a casa"" : solo gli idioti possono credere a queste scemenze|"
392,|Altro|,"|'Verso le Regionali  Maria Falcone a ""Radio Anch''io"": ""Campagna elettorale violenta"" | il Sito di Sicilia http:// fb.me/1ImccmdTw'|"
393,|5stelle|,|Intrighi candidati impresentabili e pupari occulti: ecco a voi le elezioni regionali in Sicilia http:// espresso.repubblica.it/palazzo/2017/1 0/27/news/intrighi-candidati-impresentabili-e-pupari-occulti-ecco-a-voi-le-elezioni-regionali-in-sicilia-1.312960 …|
394,|Altro|,|Scopri la mappa dei musei regionali in Sicilia https://www. google.com/mymaps/viewer? mid=1rupR01JKpidxwdC2inzI-e1ULIE&hl=it … pic.twitter.com/W2ny7BIcp1|
395,|Altro|,|Quando nessuno li ascolta più si rivolgono al Buon Gesù #RegionaliSicilia|
396,|ForzaItalia|,"|Regionali Sicilia  Berlusconi a Catania: ""Niente tasse per i siciliani che tornano a casa"" http:// palermo.repubblica.it/politica/2017/ 11/02/news/regionali_sicilia_berlusconi_a_catania_niente_tasse_per_i_siciliani_che_tornano_a_casa_-180066928/ … via @repubblica ALLEGRIA!|"
397,|Altro|,|Regionali Sicilia  CasaPound si astiene: “E’ solo un miserabile teatrino” https:// secolo-trentino.com/politica/regio nali-sicilia-casapound-si-astiene-e-solo-un-miserabile-teatrino/ … pic.twitter.com/H3IjbYdrrP|
398,|Altro|,|Elezioni Regionali Sicilia 2017: si vota domenica 5 novembre http://www. giurdanella.it/copertina/elez ioni-regionali-sicilia-2017-si-vota-domenica-5-novembre/ … pic.twitter.com/0RMkYunY10|
399,|Altro|,|Elezioni regionali  Stefano Pellegrino chiude la campagna elettorale a Porta Nuova http:// ift.tt/2xRQrJd #Sicilia #Notizie #Tp24|
400,|5stelle|,|Berlusconi Salvini Meloni «patto dell’arancino» per le Regionali in Sicilia : «È andato tutto bene vero?» http://www. corriere.it/politica/17_no vembre_03/berlusconi-salvini-meloni-siglato-patto-dell-arancino-le-regionali-sivilia-3b21f8f4-c048-11e7-8b75-0df914d10fe2.shtml …|
401,|Altro|,"|Mentana ieri sera ""sbavava"". Improvvisamente le elezioni regionali in Sicilia sono passate in secondo piano in confronto a questo EVENTO|"
402,|ForzaItalia|,"|Regionali Sicilia  Berlusconi: ""5 Stelle giustizialisti e opportunisti"" http://www. lapresse.it/video/regional i-sicilia-berlusconi-5-stelle-giustizialisti-e-opportunisti.html …|"
403,|5stelle|,|Mi auguro per i siciliani uno scatto di dignità. #RegionaliSicilia|
404,|Altro|,|Ora in diretta a @omnibusla7 : parliamo di #RegionaliSicilia  supermedia dei sondaggi #Rosatellum e mappe dei collegi... #omnibusla7|
405,|Altro|,|Elezioni regionali  lettera aperta agli elettori di Paolo Ruggieri http:// ift.tt/2z8TMFl #Sicilia #Notizie #Tp24|
406,|ForzaItalia|,"|Regionali Sicilia  Berlusconi a Catania: ""Niente tasse per i siciliani che tornano a casa"" http:// palermo.repubblica.it/politica/2017/ 11/02/news/regionali_sicilia_berlusconi_a_catania_niente_tasse_per_i_siciliani_che_tornano_a_casa_-180066928/ … via @repubblica|"
407,|Altro|,|Stefano Pellegrino capolista di Forza Italia e candidato alle Regionali Sicilia 2017 a tutto campo sugli... http:// youtu.be/doaRQTQJ2Jc?a|
409,|Altro|,|#RegionaliSicilia corsa a cinque per la presidenza http://www. centonove.it/2017/11/03/reg ionali-sicilia-corsa-cinque-la-presidenza/ … #elezioni #100Nove|
