'PinoVenezia', 0, '#Berlusconi in #Sicilia : Viene sempre in #Sicilia ,per le regionali e per le politiche', '#Berlusconi #Sicilia #Sicilia'
'Sabina1956', 5, u'. #Siciliani ,mancano 5 giorni,non avrete 1 altra possibilit\xe0! https://www. youtube.com/watch?v=fMbK75 Au-P0&feature=youtu.be \u2026 #RegionaliSicilia #Sicilia5Stelle #CancelleriPresidente', u'#Siciliani #RegionaliSicilia #Sicilia5Stelle #CancelleriPresidente'
'Sabina1956', 3, u'.Vi ha insultato per 25 anni, non potete votarlo! #RegionaliSicilia #Sicilia5Stelle #VotaCancelleri #CancelleriPresidente https:// twitter.com/Debby1861/stat us/925294922625900544 \u2026', u'#RegionaliSicilia #Sicilia5Stelle #VotaCancelleri #CancelleriPresidente'
'Kurdefeso', 0, u'#tagadala7 #GiorgiaMeloni #matteosalvinimi #berlusconi . #sicilia #regionalisicilia #SceglieteIlFuturo #PalermoDay http://www. yvii24.it/spese-pazze-co ndannati-37-ex-consiglieri-provinciali-ci-sono-5-dei-sei-eletti-nel-collegio-di-paterno/ \u2026', u'#tagadala7 #GiorgiaMeloni #matteosalvinimi #berlusconi #sicilia #regionalisicilia #SceglieteIlFuturo #PalermoDay'
'GDS_it', 0, u'#Regionali , forum al Giornale di Sicilia . Appuntamento con Cancelleri - diretta #m5s http:// gds.it/2017/10/31/reg ionali-forum-al-giornale-di-sicilia-appuntamento-con-cancelleri-diretta_748459/?utm_medium=feed&utm_source=twitter.com&utm_campaign=Feed%3A+gds_twitter_feed \u2026 pic.twitter.com/VpjqqkZRcq', u'#Regionali #m5s'
'DArcangeloLex', 0, u'Ma che strana coincidenza Alla vigilia delle regionali in Sicilia la procura di Firenze riapre\xa0inchiesta sulle stragi del 1993 #Berlusconi https:// twitter.com/ilfoglio_it/st atus/925310769142599681 \u2026', u'#Berlusconi'
'rossellavilardi', 22, u'Votare \xe8 la vera arma contro la corruzione. Il 5 Novembre in Sicilia vai a votare! RT #regionaliSicilia #sicilia2017 #SceglieteIlFuturo pic.twitter.com/xdZyEW9IDb', u'#regionaliSicilia #sicilia2017 #SceglieteIlFuturo'
'rtl1025', 0, u'Ciapparoni, #Sicilia chiama Italia @aciapparoni #regionali #SocialCornerRTL1025 http://www. rtl.it/notizie/artico li/ciapparoni-sicilia-chiama-italia/ \u2026', u'#Sicilia #regionali #SocialCornerRTL1025'
'L_Cesa', 2, u'Ospite di #Agor\xe0 su @SiciliaUno per discutere delle prossime #Elezioni regionali in #Sicilia https://www. youtube.com/watch?v=QpmcKg 9M_qE \u2026', u'#Agor #Elezioni #Sicilia'
'LeonebonCettina', 0, u"#elezioni regionali #5novembre da leggere questo articolo e capire l'ignoranza di chi vuole governare la #Sicilia http://www. lastampa.it/2017/10/31/ita lia/politica/grillo-a-catania-la-sicilia-dovrebbe-seguire-il-modello-di-lagos-BBVoPLHBvMYp3UFvsfNR2N/pagina.html \u2026", u'#elezioni #5novembre #Sicilia'
'CapitanoNews', 0, u'Salvini, viaggio in Sicilia sui regionali : \xabLega senza Nord unifica, Bossi sbaglia\xbb https://www. google.com/url?rct=j&sa=t &url=https%3A%2F%2Fwww.ilgazzettino.it%2Fpay%2Fattualita_pay%2Fsalvini_viaggio_in_sicilia_sui_regionali_lega_senza_nord_unifica_bossi_sbaglia-3336773.html&ct=ga&cd=CAIyGjc3YWU3MmE5MDg2M2EyZjM6Y29tOml0OlVT&usg=AFQjCNHdFk4dHWshKc6gPwq9ug-4hlZ6vw&utm_source=dlvr.it&utm_medium=twitter \u2026 #salvini #lega', u'#salvini #lega'
'Italians4Brexit', 1, u'A una settimana da regionali Sicilia . #Pagliacci #Berlusconi https:// twitter.com/Corriere/statu s/925134913623547904 \u2026', u'#Pagliacci #Berlusconi'
'marcoga', 0, u"Mario Caputo #dettoSalvino , \xe8 il fratello del condannato per abuso d'ufficio Salvino, in lista con #musumeci alle #regionalisicilia #sappilo", u'#dettoSalvino #musumeci #regionalisicilia #sappilo'
'COLLATERAL13', 1, u'#ottoemezzo #regionaliSicilia #elezioniSicilia #Musumeci #Diventer\xe0bellissima - @desale73 pic.twitter.com/RPcgVoPwwU', u'#ottoemezzo #regionaliSicilia #elezioniSicilia #Musumeci #Diventer'
'oinot49', 20, "#ottoemezzo Gruber vuoi una previsione per le Regionali di Sicilia del 5 Novembre?Mettiti l'animo in pace #CancelleriPresidente al 70% #M5S", '#ottoemezzo #CancelleriPresidente #M5S'
'robertoluisetto', 0, 'Insomma colleghi siciliani mi danno vincente #Musumeci e flop #Cancellieri e #M5S in #Sicilia #regionali', '#Musumeci #Cancellieri #M5S #Sicilia #regionali'
'lucianoaforte', 0, u"per lei \xe8' tutto un mistero. / Basta vedere le #regionali #sicilia del 2012 e i risultati politiche inizio 2013 . #ottoemezzo", u'#regionali #sicilia #ottoemezzo'
'hashtagsicilia', 0, u'#Regionali : comincia il tour di #Salvini in #Sicilia http://www. hashtagsicilia.it/politica/regio nali-comincia-tour-salvini-sicilia-25526 \u2026 via @hashtagsicilia', u'#Regionali #Salvini #Sicilia'
'emanuelapetrucc', 0, '#ottoemezzo Perxhe le #RegionaliSicilia sono un test per le #elezioni politiche? Il vero #parlamento si trova in #Sicilia ?', '#ottoemezzo #RegionaliSicilia #elezioni #parlamento #Sicilia'
'gufopit', 0, 'Fare campagna elettorale in #sicilia , sui treni regionali . Il "piano #trota " per la vittoria di #salvini #pd #m5s #leganord #lega ex nord pic.twitter.com/rk2n4jvrvH', '#sicilia #trota #salvini #pd #m5s #leganord #lega'
'gufopit', 0, 'Fare campagna elettorale in #sicilia , sui treni regionali . Il "piano #trota " per la vittoria di #salvini #pd #m5s #leganord #lega ex nord pic.twitter.com/r4jgxyIf1x', '#sicilia #trota #salvini #pd #m5s #leganord #lega'
'marcoga', 0, u'I siciliani che votavano secondo una logica clientelare adesso votano il #m5s . Non sar\xe0 la soluzione ma \xe8 un miglioramento #regionalisicilia', u'#m5s #regionalisicilia'
'valente_adriano', 1, 'MUSUMECI IN PICCHIATA,VOLA CANCELLERI #M5S ..... #Sicilia #Regionali ... http:// fb.me/1FmoYuKeb', '#M5S #Sicilia #Regionali'
'VinceCT', 0, u'#Regionali : comincia il #tour di #Salvini in #Sicilia #elezioni #lega #Favara #Trapani http://www. hashtagsicilia.it/politica/regio nali-comincia-tour-salvini-sicilia-25526 \u2026 via @hashtagsicilia', u'#Regionali #tour #Salvini #Sicilia #elezioni #lega #Favara #Trapani'
'LucioRubbino', 0, 'il TE LO SPIEGO di Pietrangelo Buttafuoco #elezioni #regionali #sicilia #2017 http:// fb.me/78EalI0Hm', '#elezioni #regionali #sicilia #2017'
'giammandro', 0, u'#lasiciliachevorrei Ha le percentuali di Fava e Musumeci invertite nei sondaggi #5novembre #lasicilia\xe8bellaincartolina #regionaliSicilia', u'#lasiciliachevorrei #5novembre #lasicilia #regionaliSicilia'
'Mi_consento', 0, '#elezionisicilia #elezioni #PD #ForzaItalia #Micciche #Musumeci #musumecimente #sicilia2017 #Sicilia #regionali pic.twitter.com/pgzTSZCKbC', '#elezionisicilia #elezioni #PD #ForzaItalia #Micciche #Musumeci #musumecimente #sicilia2017 #Sicilia #regionali'
'ventezurbaine', 0, u'#Regionali #Sicilia , #Crocetta : " #Musumeci si ritiri o Isola diventer\xe0 impresentabile" [DETTAGLI] \u25ba\u25ba\u25ba #bastaPD https:// goo.gl/VfErTe', u'#Regionali #Sicilia #Crocetta #Musumeci #bastaPD'
'L_Cesa', 0, 'Mi auguro che siciliani andranno a votare. Chi non va a votare ha sempre torto! http://www. lorenzocesa.eu/?p=3433 #Sicilia #Elezioni #Regionali', '#Sicilia #Elezioni #Regionali'
'Udc_Sicilia', 0, u'Intervista del #Corriere a Giula Mezza Salma candidata #Udc alle prossime elezioni regionali in #Sicilia http:// video.corriere.it/sicilia-candid ata-dell-udc-le-mie-tre-vite-uomo-donna-da-onorevole/3221153e-bd5d-11e7-b457-66c72633d66c \u2026', u'#Corriere #Udc #Sicilia'
'GDS_it', 0, u'#Fava , forum al Giornale di Sicilia : "La mia scelta coerente, contro una accozzaglia di candidature" #regionali http:// gds.it/2017/10/30/fav a-forum-al-giornale-di-sicilia-la-diretta-con-il-candidato-video_748054/ \u2026 pic.twitter.com/KrYmaGm0MH', u'#Fava #regionali'
'GDS_it', 0, u'#Fava , forum al Giornale di Sicilia : segui la diretta col candidato - Video #regionali \u2026 http:// gds.it/2017/10/30/fav a-forum-al-giornale-di-sicilia-la-diretta-con-il-candidato-video_748054/?utm_medium=feed&utm_source=twitter.com&utm_campaign=Feed%3A+gds_twitter_feed \u2026 pic.twitter.com/zhVloh8imU', u'#Fava #regionali'
'Sabina1956', 1, u'. #imperdibile #capolavoro VIDEO APPELLO AI #SICILIANI . #regionaliSicilia #Sicilia5Stelle #CancelleriPresidente Unica possibilit\xe0 #RTW https:// twitter.com/Ilenia1970/sta tus/924974225961750528 \u2026', u'#imperdibile #capolavoro #SICILIANI #regionaliSicilia #Sicilia5Stelle #CancelleriPresidente #RTW'
'salvoguzzi', 0, u'Vigliacchi Ci trattano come burattini #tuttiacasa #regionalisicilia #5novembre https:// twitter.com/carlosibilia/s tatus/924947224848687104 \u2026', u'#tuttiacasa #regionalisicilia #5novembre'
'uzupetru', 4, '#RegionaliSicilia #DiMaio distrugge #salvini e punta ai voti del Nord Italia #lariachetira #tagadala7 pic.twitter.com/Xtivf9C6Mc', '#RegionaliSicilia #DiMaio #salvini #lariachetira #tagadala7'
'marginalstudio', 0, u'ImbarazzanteGrillo: "La #Mafia non uccideva i bambini nell\'acido \xe8 stata corrotta dalla finanza" #regionali #sicilia http://www. rainews.it/dl/rainews/med ia/Grillo-La-Mafia-non-uccideva-i-bambini-nell-acido-stata-corrotta-dalla-finanza-video-90fa4c04-92a9-46e1-85e6-c8e9fa325c00.html \u2026', u'#Mafia #regionali #sicilia'
'lecodelsud', 0, "https://www. lecodelsud.it / #regionali #Grillo #comico in #Sicilia #Cancelleri lo abbiamo scelto tra i #coglioni dell' #isola e l' #influenza ... pic.twitter.com/RdjYlu9HdO", '#regionali #Grillo #comico #Sicilia #Cancelleri #coglioni #isola #influenza'
'Radio24_news', 0, u'Viaggio nelle #elezioni regionali in #Sicilia |di Daniele @biacchessi http://www. radio24.ilsole24ore.com/notizie/viaggi o-elezioni-regionali-sicilia-170328-gSLAfDgmTC \u2026', u'#elezioni #Sicilia'
'peppegiustolisi', 1, '#Sicilia #Grillo : "Le regionali sono un referendum". Tra parentopoli e impresentabili. #elezionisicilia #M5s #30ottobre', '#Sicilia #Grillo #elezionisicilia #M5s #30ottobre'
'Sabina1956', 3, '. #RegionaliSicilia , #Musumeci dice che nella"sua"lista non ci sono #impresentabili . Certo, stanno nelle liste civetta, civiche, chiaviche...', '#RegionaliSicilia #Musumeci #impresentabili'
'soniabetz1', 5, 'non ricordo neanche il nome del candidato #RegionaliSicilia #CancelleriPresidente pic.twitter.com/xz4DUvRTf6', '#RegionaliSicilia #CancelleriPresidente'
'PaoloBoral', 2, 'Chi voterai o voteresti alle regionali in Sicilia ? #Musumeci #Cancelleri #Micari #Fava #inmezzora', '#Musumeci #Cancelleri #Micari #Fava #inmezzora'
'federainbow', 0, "Voto disgiunto mi salva dall'indecisione #5novembre #regionalisicilia #votiamo #noastensionismo", '#5novembre #regionalisicilia #votiamo #noastensionismo'
'momentosera', 1, u'Silvio #Berlusconi in campo per prossime elezioni regionali in #Sicilia : \xabMeno tasse e burocrazia, pi\xf9 sicurezza\xbb http:// ow.ly/QSwE30gcrbP pic.twitter.com/5Sni0nLViK', u'#Berlusconi #Sicilia'
'ventezurbaine', 3, u'ECCO IL VOLTO DELLA SICILIA A 5STELLE Mogli, fidanzati e assistenti #M5S corrono per le Regionali . MAH.... http://www. ilpopulista.it/news/29-Ottobr e-2017/19927/regionali-siciliane-parenti-e-portaborse-nella-lista-dei-grillini-e-c-e-pure-l-immigrato.html \u2026', u'#M5S'
'emanuelapatti', 4, '#RegionaliSicilia Ricorda per sempre il 5 novembre... https:// youtu.be/G4h7NGMz2RI #M5S', '#RegionaliSicilia #M5S'
'emanuelbutti', 0, '#Alcamo , intervista a @Musumeci_Staff https:// youtu.be/1NyhX63zT38 via @YouTube #MusumeciPresidente #Regionali #Sicilia', '#Alcamo #MusumeciPresidente #Regionali #Sicilia'
'maximilian1971', 0, 'ah. pensavamo ad incontrare i candidati della lista Musumeci #regionali #Sicilia #listepulite', '#regionali #Sicilia #listepulite'
'lucianoaforte', 0, "#gentiloni commento' risultati #ungheria #germania . Mi sa che lunedi 6 nov per commentare risultati #regionali #sicilia ritorna #stitico", '#gentiloni #ungheria #germania #regionali #sicilia #stitico'
'leonardo_alagna', 0, 'Come votare per le #elezioni #regionali in #sicilia . Qui un video che lo spiega http:// goo.gl/CajTWL #favapresidente @OssDirittiScuol', '#elezioni #regionali #sicilia #favapresidente'
'paolocristallo', 6, u'Elezioni Sicilia , il governo Renzi- #Berlusconi c\u2019\xe8 gi\xe0: dopo le regionali pezzi del #Pd pronti a sostenere #Musumeci http://www. ilfattoquotidiano.it/2017/10/28/ele zioni-sicilia-il-governo-renzi-berlusconi-ce-gia-dopo-le-regionali-pezzi-del-pd-pronti-a-sostenere-musumeci/3941700/ \u2026', u'#Berlusconi #Pd #Musumeci'
'MaxLandra', 1, u"#Sicilia governo #Renzi - #Berlusconi #FORZAPD c'\xe8 gi\xe0: dopo regionali pezzi del Pd pronti a sostenere Musumeci http://www. ilfattoquotidiano.it/2017/10/28/ele zioni-sicilia-il-governo-renzi-berlusconi-ce-gia-dopo-le-regionali-pezzi-del-pd-pronti-a-sostenere-musumeci/3941700/ \u2026 pic.twitter.com/1sjP0Cb6TS", u'#Sicilia #Renzi #Berlusconi #FORZAPD'
'Giosvi', 0, '#elesicilia #elezionisicilia #elezioniregionalisicilia #regionalisicilia #regionalisicilia2017 #sicilia2017 #regionali2017 Vota e #ritwitta', '#elesicilia #elezionisicilia #elezioniregionalisicilia #regionalisicilia #regionalisicilia2017 #sicilia2017 #regionali2017 #ritwitta'
'pipitone87', 3, u'Elezioni #Sicilia , il governo #Renzi #Berlusconi c\u2019\xe8 gi\xe0: dopo le regionali pezzi del Pd pronti a sostenere Musumeci http://www. ilfattoquotidiano.it/2017/10/28/ele zioni-sicilia-il-governo-renzi-berlusconi-ce-gia-dopo-le-regionali-pezzi-del-pd-pronti-a-sostenere-musumeci/3941700/ \u2026', u'#Sicilia #Renzi #Berlusconi'
'rcatania68', 0, u'#regionalisicilia "solo sei per Micari. E poi ciao" #Renzi d\xe0 6 (svogliati) minuti a #Micari e poi scappa dall\u2019isola https:// infosannio.wordpress.com/2017/10/28/ren zi-da-6-svogliati-minuti-a-micari-e-poi-scappa-dallisola/ \u2026', u'#regionalisicilia #Renzi #Micari'
'Sabina1956', 1, u'. #RegionaliSicilia #Sicilia5Stelle #CancelleriPresidente https:// twitter.com/sferriam/statu s/924224565479428098 \u2026', u'#RegionaliSicilia #Sicilia5Stelle #CancelleriPresidente'
'sergiogranata', 1, 'Di cosa ho paura? #ITMovie #regionali #Sicilia pic.twitter.com/JF2A1P4wcZ', '#ITMovie #regionali #Sicilia'
'GDS_it', 0, u'#regionalisicilia2017 Regionali , il tour dei big in Sicilia : stoccate di @matteorenzi \u2026 http:// gds.it/2017/10/28/reg ionali-il-tour-dei-big-in-sicilia-stoccate-di-renzi-e-berlusconi-e-oggi-e-la-volta-di-grillo-a-catania_747051/?utm_medium=feed&utm_source=twitter.com&utm_campaign=Feed%3A+gds_twitter_feed \u2026 pic.twitter.com/hRyFBJyuxg', u'#regionalisicilia2017'
'ventezurbaine', 0, u'#Regionali #Sicilia , #Micari :Abbiamo le liste migliori, terrorizzato all\u2019idea di un esecutivo di destra con #Salvini https:// goo.gl/kkxj3V', u'#Regionali #Sicilia #Micari #Salvini'
'vitocrimi', 21, 'In Sicilia 1 cittadino su 4 non sa che il 5/11 si vota per le regionali . Il tour #M5S #SceglieteIlFuturo va avanti: https:// goo.gl/yLbQHW pic.twitter.com/uTDrqbfBDw', '#M5S #SceglieteIlFuturo'
'VinceCT', 0, u'#Regionali : arrivano in #Sicilia i big nazionali per la volata finale #elezioni #Grillo #Meloni http://www. hashtagsicilia.it/politica/regio nali-arrivano-sicilia-big-nazionali-la-volata-finale-25442 \u2026 via @hashtagsicilia', u'#Regionali #Sicilia #elezioni #Grillo #Meloni'
'ZzuCicciu', 1, u'#RegionaliSicilia , #Fava "ringrazia" #renzie : \u201cNon potevamo sperare in un endorsment pi\xf9 efficace per noi\u201d http:// shr.gs/uPKLjTG', u'#RegionaliSicilia #Fava #renzie'
'ecodaipalazzi', 0, u'#elezionisicilia #Sicilia Il #M5s con @DaniloToninelli chiede l\u2019aiuto dell\u2019 #Osce per le elezioni regionali http:// ecodaipalazzi.it/2017/10/27/sic ilia-m5s-chiede-laiuto-dellosce-le-elezioni-regionali/ \u2026', u'#elezionisicilia #Sicilia #M5s #Osce'
'GDS_it', 0, u'#Regionali in #Sicilia , @LaRosa : Puntiamo ad una zona economica speciale" http:// tgs.gds.it/2017/10/27/reg ionali-in-sicilia-la-rosa-puntiamo-ad-una-zona-economica-speciale_746885/?utm_medium=feed&utm_source=twitter.com&utm_campaign=Feed%3A+gds_twitter_feed \u2026 pic.twitter.com/6UrjssRXCs', u'#Regionali #Sicilia'
'paolo_stillo', 4, u"5 Novembre #elezioni regionali in #sicilia facciamo valere la ragione della democrazia e l'istanza di rinnovamento. http://www. beppegrillo.it/2017/10/il_vot o_in_sicilia_e_piu_importante_del_referendum_costituzionale.html \u2026", u'#elezioni #sicilia'
'NuovoSud', 0, '#Regionali in #Sicilia , a #Pachino sorteggiati i 120 scrutatori http:// ow.ly/vE4X30gahP7 #27ottobre', '#Regionali #Sicilia #Pachino #27ottobre'
'NuovoSud', 0, '#Regionali in #Sicilia , Musumeci: "Bene Minniti, confidiamo nelle coscienze degli elettori" http:// ow.ly/VjKI30g8WwK #26ottobre', '#Regionali #Sicilia #26ottobre'
'AndFranchini', 2, u'Regionali Sicilia , venerd\xec il blitz di #Renzi http:// google.com/newsstand/s/CB Iw3LDgjTo \u2026', u'#Renzi'
'F_DUva', 12, 'Siamo alle battute finali di questa campagna elettorale. Con VOI possiamo cambiare le sorti e la storia della nostra amata Regione. Queste le tappe del tour del @Mov5Stelle che faremo in provincia di #Messina . #SceglieteilFuturo #RegionaliSicilia pic.twitter.com/j9Z9ICR8J6', '#Messina #SceglieteilFuturo #RegionaliSicilia'
'sicilianews24', 0, u'#Regionali : @MatteoRenzi arriva in Sicilia - https:// sicilianews24.it/regionali-visi ta-matteo-renzi-palermo-sicilia-526478.html \u2026 pic.twitter.com/Wnbnf0Bnvu', u'#Regionali'
'VinceCT', 0, u'#Sicilia : #Cancelleri , per #elezioni non ci sar\xe0 #Osce #M5S #regionali #voto http://www. hashtagsicilia.it/apertura/sicil ia-cancelleri-elezioni-non-ci-sara-osce-25412 \u2026 via @hashtagsicilia', u'#Sicilia #Cancelleri #elezioni #Osce #M5S #regionali #voto'
'M5S_Spagna', 2, u'Meritiamo molto di piu dei soliti noti #sceglieteilfuturo #IoCiMettoLaFaccia #impresentabili #regionali #Sicilia #Cancelleri https:// twitter.com/GiancarloCanc/ status/923097600215134208 \u2026', u'#sceglieteilfuturo #IoCiMettoLaFaccia #impresentabili #regionali #Sicilia #Cancelleri'
'lasiciliait', 0, '#Regionali , #Berlusconi rinuncia alla sfida con #Grillo , ma in #Sicilia arriva #Renzi http:// fb.me/zDjcIqsZ', '#Regionali #Berlusconi #Grillo #Sicilia #Renzi'
'GDS_it', 1, u'#regionali , venerd\xec @matteorenzi in #Sicilia per sostenere @fabriziomicari http:// gds.it/2017/10/25/reg ionali-venerdi-renzi-in-sicilia-rush-finale-a-sostegno-di-micari_746155/?utm_medium=feed&utm_source=twitter.com&utm_campaign=Feed%3A+gds_twitter_feed \u2026 pic.twitter.com/jcF9NZVjBk', u'#regionali #Sicilia'
'diMartedi', 3, u"Fabrizio #Micari , candidato alle #RegionaliSicilia , nell'intervista ieri a #dimarted\xec @Fabrizio_Micari http://www. la7.it/dimartedi/vide o/lintervista-a-fabrizio-micari-candidato-del-pd-e-di-ap-alla-presidenza-della-regione-sicilia-25-10-2017-225231 \u2026", u'#Micari #RegionaliSicilia #dimarted'
'allenatorebis', 24, u'#RegionaliSicilia Un altro #condannato . La lista di #Musumeci \xe8 Impresentabilissima! #SceglieteIlFuturo http://www. beppegrillo.it/2017/10/un_alt ro_condannato_la_lista_di_musumeci_e_impresentabilissima.html \u2026 pic.twitter.com/t4wmK0SyME', u'#RegionaliSicilia #condannato #Musumeci #SceglieteIlFuturo'
'maximilian1971', 0, "Regionali Sicilia : altro condannato nella lista #Musumeci . Ernesto Calogero di #forzaitalia . Se Nello Musumeci vince qui in Sicilia , la prima Assemblea Regionale la faranno direttamente all' Ucciardone di Palermo pic.twitter.com/NkOmYbKIuA", '#Musumeci #forzaitalia'
'Vincent_lig', 1, '#25ottobre In #Sicilia per le elezioni regionali aumentano gli impresentabili della lista Musumeci #M5S pic.twitter.com/PfSoHPwEvl', '#25ottobre #Sicilia #M5S'
'diMartedi', 4, u'#Micari su #RegionaliSicilia : "Indebolendo noi si rischia di consegnare la Sicilia all\'approssimazione di #m5s " @Fabrizio_Micari #dimarted\xec', u'#Micari #RegionaliSicilia #m5s #dimarted'
'diMartedi', 2, u'#Micari su #RegionaliSicilia : "Abbiamo scelto di avere liste che puntano al 5%, liste forti e con personalit\xe0" @Fabrizio_Micari #dimarted\xec pic.twitter.com/LwRAO1rXLw', u'#Micari #RegionaliSicilia #dimarted'
'diMartedi', 2, u'#Micari su #RegionaliSicilia : "Quella che si gioca sulla pelle dei siciliani \xe8 una partita romana" @Fabrizio_Micari #dimarted\xec', u'#Micari #RegionaliSicilia #dimarted'
'diMartedi', 1, u'#Micari su #RegionaliSicilia : "La coalizione comprende Pd e altre forze del territorio, la soglia \xe8 30%/32%" @Fabrizio_Micari #dimarted\xec', u'#Micari #RegionaliSicilia #dimarted'
'diMartedi', 2, u'#Micari su #RegionaliSicilia : "E\' il momento in cui la Sicilia deve costruire un futuro concreto" @Fabrizio_Micari #dimarted\xec pic.twitter.com/yfQ5PKamS7', u'#Micari #RegionaliSicilia #dimarted'
'mlsSartorio', 0, u'#Meloni (FdI) \u2018candidatura #Pirozzi regionali Lazio? Per ora pensiamo #voto #Sicilia \u2019 http://www. 10notizie.it/2017/10/24/mel oni-fdi-candidatura-pirozzi-regionali-lazio-ora-pensiamo-voto-sicilia/ \u2026', u'#Meloni #Pirozzi #voto #Sicilia'
'Mi_consento', 0, 'Ripeto #diventerabellissima se ve ne andate in malora. #musumecimente #musumeci #RegionaliSicilia pic.twitter.com/pCsQP3zLJK', '#diventerabellissima #musumecimente #musumeci #RegionaliSicilia'
'marcoga', 0, u'#genovesejr che spiega come usare correttamente i fondi UE \xe8 la svolta credibile delle #RegionaliSicilia #genovese #forzaitalia #musumeci', u'#genovesejr #RegionaliSicilia #genovese #forzaitalia #musumeci'
'emanuelapatti', 2, u'La fine che far\xe0 il cdx e il csx dopo le #RegionaliSicilia . Il bus lo guida il #M5S . pic.twitter.com/VjWa5FPfUr', u'#RegionaliSicilia #M5S'
'quodphilosophus', 0, "#RegionaliSicilia , Nello #Musumeci : 'Io un po' isolato in politica transfughi' - #VIDEO http:// ow.ly/iL0r30g6imd", '#RegionaliSicilia #Musumeci #VIDEO'
'Agenzia_Ansa', 1, "#RegionaliSicilia , Nello #Musumeci : 'Io un po' isolato in politica transfughi' - #VIDEO http:// ow.ly/iL0r30g6imd", '#RegionaliSicilia #Musumeci #VIDEO'
'alepaganotwit', 0, '++ #Sicilia Regionali 2017: #Musumeci risponde a #Cancelleri ++ pic.twitter.com/W2qBvftEM1', '#Sicilia #Musumeci #Cancelleri'
'rossellavilardi', 2, 'Siamo tutti in campagna elettorale! Buon lavoro a tutti noi! #sceglieteilfuturo #regionaliSicilia #Sicilia pic.twitter.com/TAmFEYbi55', '#sceglieteilfuturo #regionaliSicilia #Sicilia'
'sole24ore', 2, u'Elezioni #regionali #Sicilia un test per riequilibrare l\u2019asse Berlusconi-Salvini. Analisi di Lina Palmerini http://www. ilsole24ore.com/art/notizie/20 17-10-23/aspettando-sicilia-test-riequilibrare-l-asse-cavaliere-salvini-222959.shtml?uuid=AEvj4ztC \u2026 pic.twitter.com/3qhlwDX7SR', u'#regionali #Sicilia'
'quodphilosophus', 0, "#RegionaliSicilia , #Cancelleri ad un Forum all'ANSA: ' #Musumeci ammicca a sinistra? Fa ridere' #M5S http:// ow.ly/LLNu30g3WL7", '#RegionaliSicilia #Cancelleri #Musumeci #M5S'
'Agenzia_Ansa', 1, "#RegionaliSicilia , #Cancelleri ad un Forum all'ANSA: ' #Musumeci ammicca a sinistra? Fa ridere' #M5S http:// ow.ly/LLNu30g3WL7", '#RegionaliSicilia #Cancelleri #Musumeci #M5S'
'Sabina1956', 13, u'.Votare #M5S \xe8 + #facile , + #semplice , + #trasparente . NO #ammucchiate . #RegionaliSicilia #CancelleriPresidente pic.twitter.com/hViDGKbjGk', u'#M5S #facile #semplice #trasparente #ammucchiate #RegionaliSicilia #CancelleriPresidente'
'mantynsky_', 1, u'Ma io mi sto fottendo dalle risate! Ahahhahahah ditemi che \xe8 tutto vero #m5s #elezionisicilia #regionali2017 #regionalisicilia #cancelleri https:// twitter.com/ciraolo110/sta tus/922450797790748672 \u2026', u'#m5s #elezionisicilia #regionali2017 #regionalisicilia #cancelleri'
'madnessOdb', 0, 'Ecco l unico vero candidato. #fiorello #staminchia #voto #sicilia #regionali http:// fb.me/63iiyW2Xi', '#fiorello #staminchia #voto #sicilia #regionali'
'NikeSkywalker', 1, 'Le prove generali del regime #Renzusconi del #governissimo le troviamo in #Sicilia alle elezioni #Regionali . Nonostante tutto #QuattroPolli pic.twitter.com/g76VCVFPPJ', '#Renzusconi #governissimo #Sicilia #Regionali #QuattroPolli'
'alepaganotwit', 0, '#Sicilia Regionali 2017: #Salvini a Palermo. Ore 18.30, domenica 29 ottobre. Astoria Palace Hotel pic.twitter.com/5QtcLJi7WW', '#Sicilia #Salvini'
'rossellavilardi', 32, u'#savethedate Anche Beppe Grillo con noi a #Palermo domenica 29Ottobre in giro per la citt\xe0! #palermoday #sceglieteilfuturo #regionaliSicilia pic.twitter.com/a8wcpLTbfS', u'#savethedate #Palermo #palermoday #sceglieteilfuturo #regionaliSicilia'
'MarioBarresi', 0, u'#regionali #sicilia #elezionisicilia #famolostrano @Musumeci_Staff @GiancarloCanc @faustorac @pdsicilia - La Sicilia http://www. lasicilia.it/news/politica/ 116043/utile-e-disgiunto-ecco-quanto-pesa-alle-regionali-il-voto-famolo-strano.html \u2026', u'#regionali #sicilia #elezionisicilia #famolostrano'
'marielSiviglia', 0, 'https:// youtu.be/K7Df7nsGuXI #regionalisicilia Intervista a #Claudio #Fava a #dimartedi pic.twitter.com/ElzOgVIdYJ', '#regionalisicilia #Claudio #Fava #dimartedi'
'NuovoSud', 0, "#Regionali in #Sicilia , online l'elenco degli scrutatori di #Siracusa http:// ow.ly/vp0M30g3XfN #23ottobre", '#Regionali #Sicilia #Siracusa #23ottobre'
'quodphilosophus', 0, "#RegionaliSicilia , #Cancelleri ad un Forum all'ANSA: ' #Musumeci ammicca a sinistra? Fa ridere' #M5S http:// ow.ly/LLNu30g3WL7", '#RegionaliSicilia #Cancelleri #Musumeci #M5S'
'Agenzia_Ansa', 4, "#RegionaliSicilia , #Cancelleri ad un Forum all'ANSA: ' #Musumeci ammicca a sinistra? Fa ridere' #M5S http:// ow.ly/LLNu30g3WL7", '#RegionaliSicilia #Cancelleri #Musumeci #M5S'
'cattivo_maestro', 0, 'Sui fondi alla formazione parlateci di #Genovese , prima PD, candidato nella lista PDL regionali Sicilia , #lariachetira , #SceglieteIlFuturo', '#Genovese #lariachetira #SceglieteIlFuturo'
'rossellavilardi', 13, u'Qui tutti gli appuntamenti del tour #SceglieteIlFuturo ! @beppe_grillo sar\xe0 con noi a #Palermo domenica 29 Ottobre! #regionaliSicilia #m5s pic.twitter.com/fZ5WV0XyZO', u'#SceglieteIlFuturo #Palermo #regionaliSicilia #m5s'
'M5S_Spagna', 1, u'Non fingiamo di non sapere #sceglieteilfuturo #SCEGLIETEILFUTUROTOUR #IoCiMettoLaFaccia #Sicilia #regionali #Cancelleri #elezioni https:// twitter.com/beppe_grillo/s tatus/922052792759607298 \u2026', u'#sceglieteilfuturo #SCEGLIETEILFUTUROTOUR #IoCiMettoLaFaccia #Sicilia #regionali #Cancelleri #elezioni'
'Giannaway', 0, '#icentopassi #Regionali #Sicilia pic.twitter.com/M2PyGFHn1B', '#icentopassi #Regionali #Sicilia'
'abioleonardi', 0, u'Ci vuole coraggio a dargli torto. #SeVotiMusumeciVinceMiccich\xe8 #regionali #Sicilia https:// twitter.com/LiveSicilia/st atus/922093793016471552 \u2026', u'#SeVotiMusumeciVinceMiccich #regionali #Sicilia'
'gabriellaespo13', 1, u'Tra poco sar\xe0 #Halloween . Tra poco si voter\xe0 per le #regionali in #Sicilia . Trova le somiglianze.', u'#Halloween #regionali #Sicilia'
'ventezurbaine', 0, u'REGIONALI IN SICILIA , #CENTRODESTRA "Scriveremo una pagina nuova e soprattutto vorremmo essere il governo di tutti, http://www. ilpopulista.it/news/21-Ottobr e-2017/19702/musumeci-saremo-il-governo-di-tutti.html \u2026', u'#CENTRODESTRA'
'rossellavilardi', 13, 'Qui a Capaci costruendo la #Sicilia che vogliamo! Vi aspettiamo in piazza C. Troia fino alle 18! #regionaliSicilia #SceglieteIlFuturo #M5S pic.twitter.com/0rFmiOuV4G', '#Sicilia #regionaliSicilia #SceglieteIlFuturo #M5S'
'CorriereNisseno', 0, '#regionali #sicilia Che fine hanno fatto? Dietro chi si nascondono? #ponitiladomanda #chicercatrova http:// fb.me/Izi2WTeX', '#regionali #sicilia #ponitiladomanda #chicercatrova'
'GpCasagni', 1, '#regionali #sicilia Che fine hanno fatto? Dietro chi si nascondono? #ponitiladomanda #chicercatrova http:// fb.me/A8jwi0mG', '#regionali #sicilia #ponitiladomanda #chicercatrova'
'latela15', 0, 'Sami il tunisino senza titoli e pupillo di Crocetta mette il "mi piace" a Musumeci. Sente odor di cambio di guardia. #regionali sicilia pic.twitter.com/fxvCQyNql0', '#regionali'
'Sabina1956', 3, u'#SCEGLIETEILFUTUROTOUR #sceglieteilfuturo #RegionaliSicilia #CancelleriPresidente https:// twitter.com/Rillswind/stat us/921776041630355457 \u2026', u'#SCEGLIETEILFUTUROTOUR #sceglieteilfuturo #RegionaliSicilia #CancelleriPresidente'
'rossellavilardi', 26, u'Domani a Capaci! Venite a conoscere in che modo il #m5s vuole cambiare la nostra cara #Sicilia ! #regionaliSicilia #SceglieteIlFuturo https:// twitter.com/LorettaLupo78/ status/921743067673178113 \u2026', u'#m5s #Sicilia #regionaliSicilia #SceglieteIlFuturo'
'mattiamass', 0, 'http:// Lavoceindipendente.com #Regionali #Sicilia 5/11/17: #Musumeci 36-38%+ #Cancelleri 33-35%= #Micari 18-20%- altri 1-7%+-= @SkyTG24 #polls', '#Regionali #Sicilia #Musumeci #Cancelleri #Micari #polls'
'ToninoMoscatt', 2, '#regionali week end in giro per la #Sicilia a sostegno dei candidati @pdnetwork e di @Fabrizio_Micari presidente', '#regionali #Sicilia'
'NuovoSud', 0, '#Regionali in #Sicilia , #Musumeci : "M5s un disastro nei Comuni dove governa" http:// ow.ly/nzZn30g27mV #21ottobre', '#Regionali #Sicilia #Musumeci #21ottobre'
'Sabina1956', 0, u'Per la serie "Gli #impresentabili di #Silvio ", #RegionaliSicilia https:// twitter.com/Ilenia1970/sta tus/921464754480263170 \u2026', u'#impresentabili #Silvio #RegionaliSicilia'
'Udc_Sicilia', 0, u'Regionali in #Sicilia : @L_Cesa a #Palermo : Siamo qui per vincere con @Musumeci_Staff , #M5s non hanno arte n\xe9 parte https://www. youtube.com/watch?v=Sjhzps mvGA0 \u2026', u'#Sicilia #Palermo #M5s'
'Udc_Sicilia', 0, u'Presentazione Candidati #Udc a #Palermo alle #elezioni regionali in #Sicilia . Intervista a @L_Cesa e @EsterBonafede https://www. youtube.com/watch?v=bnBSOw de40g \u2026', u'#Udc #Palermo #elezioni #Sicilia'
'Udc_Sicilia', 0, u'#Regionali : @AntonioDePoli (Udc) cita De Gasperi, "politica \xe8 realizzare", non lasceremo Sicilia ai grillini http:// udcsicilia.it/notizie/region ali-de-poli-udc-cita-de-gasperi-politica-e-realizzare-non-lasceremo-sicilia-ai-grillini/ \u2026', u'#Regionali'
'Udc_Sicilia', 0, 'Conferenza Stampa a #Palermo di presentazione dei candidati delle liste #Udc per le prossime elezioni regionali in #Sicilia de 5 novembre pic.twitter.com/Hwfb1S0wBF', '#Palermo #Udc #Sicilia'
'rossellavilardi', 0, u'Siamo in diretta ora da Bolognetta con @LorettaLupo78 ! Seguiteci qui live: https:// m.facebook.com/story.php?stor y_fbid=10155788500869304&id=360817574303 \u2026 #regionaliSicilia #SceglieteIlFuturo #m5s', u'#regionaliSicilia #SceglieteIlFuturo #m5s'
'peppegiustolisi', 1, 'Regionali Sicilia , #Micari ( #PD ): "Pago le guerre romane a #Renzi ". Quelle che hanno determinato la sua candidatura. #trenoPD', '#Micari #PD #Renzi #trenoPD'
'GpCasagni', 1, '#regionali #sicilia Una #letterascarlatta che la politica deve mettere http:// fb.me/6HjjTzW9k', '#regionali #sicilia #letterascarlatta'
'UdcIta', 0, u'#Regionali : @AntonioDePoli #Udc , cita De Gasperi, "politica \xe8 realizzare", non lasceremo Sicilia ai grillini http://www. udc-italia.it/regionali-de-p oli-udc-cita-de-gasperi-politica-e-realizzare-non-lasceremo-sicilia-ai-grillini/ \u2026 pic.twitter.com/UjaN2bxjK0', u'#Regionali #Udc'
'UdcIta', 0, u'#Regionali #Sicilia : @AntonioDePoli #Udc , per primi abbiamo creduto a coesione e unit\xe0 #centrodestra http://www. udc-italia.it/regionali-de-p oli-udc-per-primi-abbiamo-creduto-a-coesione-e-unita-centrodestra/ \u2026 pic.twitter.com/O0WA3crcgS', u'#Regionali #Sicilia #Udc #centrodestra'
'lupogdg', 0, u'#elezioni #regionali #Sicilia POPOLO SICULO, SVEGLIA CAZZO!!! http://www. ilfattoquotidiano.it/2017/10/20/tra ttativa-berlusca-o-bravissimo-ecco-laudio-dellintercettazione-del-boss-graviano-in-carcere-esclusiva-sekret/3925060/ \u2026 via @fattoquotidiano', u'#elezioni #regionali #Sicilia'
'parlamentoin', 0, 'Regionali Sicilia : Cesa (Udc) Siamo qui per vincere con Musumeci http:// ift.tt/2yDJr66 #Parlamento #UDC', '#Parlamento #UDC'
'UdcIta', 0, u'Presentazione Candidati #Udc a #Palermo alle #elezioni regionali in #Sicilia . Intervista a @L_Cesa e @EsterBonafede https://www. youtube.com/watch?v=bnBSOw de40g \u2026', u'#Udc #Palermo #elezioni #Sicilia'
'L_Cesa', 0, u'Siamo qui a #Palermo per vincere con @Musumeci_Staff , #M5s non hanno arte n\xe9 parte https:// youtu.be/SjhzpsmvGA0 #elezioni #regionali #Sicilia', u'#Palermo #M5s #elezioni #regionali #Sicilia'
'UdcIta', 1, u'Regionali in #Sicilia : @L_Cesa a #Palermo : Siamo qui per vincere con @Musumeci_Staff , #M5s non hanno arte n\xe9 parte https:// youtu.be/SjhzpsmvGA0', u'#Sicilia #Palermo #M5s'
'UdcIta', 0, 'Conferenza stampa a #Palermo di presentazione liste #Udc alle prossime Elezioni Regionali in #Sicilia con @L_Cesa e @AntonioDePoli pic.twitter.com/1QVw8fbH3Q', '#Palermo #Udc #Sicilia'
'NuovoSud', 0, '#Regionali in #Sicilia , #Micari : "Sfida aperta, il 5 novembre ci saranno sorprese" http:// ow.ly/HKqY30g0UKt #20ottobre', '#Regionali #Sicilia #Micari #20ottobre'
'UdcIta', 0, 'Conferenza stampa a #Palermo di presentazione liste #Udc alle prossime Elezioni Regionali in #Sicilia con @L_Cesa e @AntonioDePoli pic.twitter.com/1f42mmO03G', '#Palermo #Udc #Sicilia'
'L_Cesa', 0, 'Conferenza stampa a #Palermo di presentazione liste #Udc alle prossime Elezioni Regionali in #Sicilia pic.twitter.com/tuMjDmVNHW', '#Palermo #Udc #Sicilia'
'UdcIta', 1, u'#Sicilia : @L_Cesa #Udc , regionali esempio perfetto per le politiche http://www. udc-italia.it/sicilia-cesa-u dc-regionali-esempio-perfetto-per-le-politiche/ \u2026 pic.twitter.com/veccehTB7A', u'#Sicilia #Udc'
'parlamentoin', 0, 'Sicilia : Cesa (Udc), regionali esempio perfetto per le politiche http:// ift.tt/2xaEpKN #Parlamento #UDC', '#Parlamento #UDC'
'Adrian_in_it', 0, u'#Berlusconi o #Grillo ? Dalla serie cacca solida o diarrea ...e la sinistra fa la sx. #RegionaliSicilia http:// palermo.repubblica.it/cronaca/2017/1 0/20/news/regionali_sicilia_testa_a_testa_centrodestra-m5s_la_sinistra_spaccata_e_molto_indietro-178784984/ \u2026 @repubblica', u'#Berlusconi #Grillo #RegionaliSicilia'
'il_Giangi', 0, '#20ottobre #Elezioni in #Sicilia . #DiMaio preoccupato per il voto di scambio. Potrebbe non bastare per farli vincere #M5S #regionali', '#20ottobre #Elezioni #Sicilia #DiMaio #M5S #regionali'
'filsurace', 0, u'#Sondaggio Demos: #Regionali #Sicilia ,testa a testa centrodestra- #M5S #Sinistra divisa \xe8 dietro di 20 p.ti #Palermo http:// palermo.repubblica.it/cronaca/2017/1 0/20/news/regionali_sicilia_testa_a_testa_centrodestra-m5s_la_sinistra_spaccata_e_molto_indietro-178784984/ \u2026', u'#Sondaggio #Regionali #Sicilia #M5S #Sinistra #Palermo'
'Virus1979C', 4, u'Regionali Sicilia , testa a testa centrodestra- #M5S . La sinistra spaccata \xe8 indietro di 20 punti. http:// palermo.repubblica.it/cronaca/2017/1 0/20/news/regionali_sicilia_testa_a_testa_centrodestra-m5s_la_sinistra_spaccata_e_molto_indietro-178784984/ \u2026 via @repubblica', u'#M5S'
'100Nove_it', 0, u'Candidati sul filo dell\u2019onest\xe0 http://www. centonove.it/2017/10/20/can didati-sul-filo-dellonesta \u2026 #Elezioni #Sicilia #regionali #100Nove', u'#Elezioni #Sicilia #regionali #100Nove'
'MarioBocchio', 0, '#RegionaliSicilia . L\'insolita proposta di #Berlusconi a #Musumeci : "Si tagli il pizzo" - https:// goo.gl/QpqQpo', '#RegionaliSicilia #Berlusconi #Musumeci'
'mantynsky_', 1, u'Comunque i #m5s in #Sicilia sono un po\u2019 esaltati e nervosetti; del resto come si opera si giudica! #firmefalse #regionalisicilia #elezioni', u'#m5s #Sicilia #firmefalse #regionalisicilia #elezioni'
'claudiozisa', 1, u"Elezioni regionali Sicilia : a sostegno dell'ex missino #Musumeci spuntano persino i forconi. Non sar\xe0 un po' troppo largo 'sto centrodestra?", u'#Musumeci'
'adbonaccorso', 0, '#Elezioni #Regionali #Sicilia ecco come si vota http:// bit.ly/2gS7kx9', '#Elezioni #Regionali #Sicilia'
'AntoninoNovelli', 0, "Musumeci per l'ennesima volta non si presenta ad un confronto coi candidati. #sicilia #regionali #musumecipresentati", '#sicilia #regionali #musumecipresentati'
'allenatorebis', 2, u'#Elezioni #RegionaliSicilia #SceglieteilFuturo con @GiancarloCanc #M5s Manca poco e i sondaggi farlocchi non riescono pi\xf9 a nasconderlo pic.twitter.com/03LPCPVB95', u'#Elezioni #RegionaliSicilia #SceglieteilFuturo #M5s'
'TV5Stelle', 0, 'Keep calm and Giancarlo Cancelleri for president! ;) #Sicilia #regionali #m5s Scarica e condividi il programma >... http:// fb.me/39Xqhzoyc', '#Sicilia #regionali #m5s'
'TV5Stelle', 0, 'Keep calm and Giancarlo Cancelleri for president! ;) #Sicilia #regionali #m5s Scarica e condividi il programma >... http:// fb.me/6XJ8VhrZb', '#Sicilia #regionali #m5s'
'WebGinMovimento', 2, 'Keep calm and Giancarlo Cancelleri for president! ;) #Sicilia #regionali #m5s Scarica e condividi il programma >... http:// fb.me/HuFIOqNe', '#Sicilia #regionali #m5s'
'FragoleMature', 1, 'Keep calm and Giancarlo Cancelleri for president! ;) #Sicilia #regionali #m5s Scarica e condividi il programma >... http:// fb.me/483Ke4Bxc', '#Sicilia #regionali #m5s'
'NuovoSud', 0, u'#Regionali in #Sicilia , Miccich\xe8: "Berlusconi verr\xe0 e ci trover\xe0 compatti" http:// ow.ly/8yvg30fZ1O6 #19ottobre', u'#Regionali #Sicilia #19ottobre'
'CLiberazione', 4, u'Il #5novembre la #Sicilia al voto per le #Regionali . Il volantino della comunit\xe0 siciliana di #ComunionLiberazione http:// goo.gl/kji7To pic.twitter.com/niWUVlKJYX', u'#5novembre #Sicilia #Regionali #ComunionLiberazione'
'Oggi_Palermo', 0, u'Regionali , Cancelleri e Di Maio fanno tappa a Partinico http://www. oggipalermo.it/2017/10/18/reg ionali-cancelleri-maio-fanno-tappa-partinico/ \u2026 via @Oggi Palermo #regionali #sicilia #M5S', u'#regionali #sicilia #M5S'
'emanuelbutti', 0, u'#Regionali #Sicilia , gaffe di #Figuccia sulle nozze di #Micari e i fiori funebri... http:// palermo.repubblica.it/politica/2017/ 10/18/news/regionali_sicilia_gaffe_di_figuccia_sulle_nozze_di_micari_e_i_fiori_funebri_scoppia_la_polemica-178666883/ \u2026 via @repubblica', u'#Regionali #Sicilia #Figuccia #Micari'
'diMartedi', 0, u"A #dimarted\xec l'intervista al candidato alle #regionaliSicilia Claudio #Fava @claudiofava1 http://www. la7.it/dimartedi/vide o/lintervista-a-claudio-fava-candidato-presidente-della-regione-sicilia-per-la-lista-cento-passi-per-18-10-2017-224584 \u2026", u'#dimarted #regionaliSicilia #Fava'
'HotPicciotto', 1, 'Con @matteosalvinimi e @Musumeci_Staff elezioni regionali 2017 in #Sicilia !! #elezioniregionali2017 #andiamoagovernare #forzalega pic.twitter.com/khULz18tdT', '#Sicilia #elezioniregionali2017 #andiamoagovernare #forzalega'
'Radio1Rai', 1, 'Il #Pd e il caso #Bankitalia alle 19.30 @ZappingRadio1 con @matteorenzi , e poi le regionali in #Sicilia con @Musumeci_Staff e @GiancarloCanc pic.twitter.com/yIVvuLOTag', '#Pd #Bankitalia #Sicilia'
'reteit_', 0, 'Segnati questa: #Regionali Sicilia : si dimette il sindaco di Priolo di Forza Italia arrestato http://www. reteit.com Post-It news!', '#Regionali'
'5bc32772e3fb467', 3, 'Si tratta di Eugenio Maione, ex assessore ai lavori pubblici della giunta Rizza, candidato alle regionali nella lista idea Sicilia ! #M5S pic.twitter.com/TNdsbwpWoh', '#M5S'
'twalibra', 0, u'#SICILIA ELEZIONI REGIONALI 2017 ALLA FINE CI SARANNO PI\xd9 INDAGATI CHE CANDIDATI #elezioniregionali2017', u'#SICILIA #elezioniregionali2017'
'diMartedi', 0, u'#Fava su #regionaliSicilia : " Nella nostra regione sono particolarmente prioritari i collegamenti ferroviari" @claudiofava1 #dimarted\xec pic.twitter.com/GTautMEJQ4', u'#Fava #regionaliSicilia #dimarted'
'diMartedi', 0, u'#Fava su #regionaliSicilia : "Vicino a candidato #m5s per passione politica ma non per inveire contro parlamentari" @claudiofava1 #dimarted\xec', u'#Fava #regionaliSicilia #m5s #dimarted'
'diMartedi', 3, u'#Fava su #regionaliSicilia : "Non mi sento vicino a chi propone il ponte sullo Stretto o a Musumeci" @claudiofava1 #dimarted\xec', u'#Fava #regionaliSicilia #dimarted'
'diMartedi', 1, u'#Fava su #regionaliSicilia : "I siciliani stanno valutando la faccia, la coerenza e la libert\xe0 dei candidati" @claudiofava1 #dimarted\xec', u'#Fava #regionaliSicilia #dimarted'
'diMartedi', 1, u'#Fava su #regionaliSicilia : "Il mio movimento prende nome dal film che ho scritto tanti anni fa \'I cento passi\'" @claudiofava1 #dimarted\xec pic.twitter.com/rdfqcJx8Y4', u'#Fava #regionaliSicilia #dimarted'
'diMartedi', 1, u'#Fava su #regionaliSicilia : "Il voto utile \xe8 un voto libero, a prescindere da chi vada" @claudiofava1 #dimarted\xec', u'#Fava #regionaliSicilia #dimarted'
'diMartedi', 0, u'A #dimarted\xec il candidato alle regionali della Sicilia Claudio #Fava @claudiofava1 e la giornalista @maria_mcalabro', u'#dimarted #Fava'
'heliandros', 1, u"La richiesta di #DiMaio per monitorare le Regionali in Sicilia \xe8 stata accolta con grande interesse dall' #OSCE . pic.twitter.com/U8iAZWKnlr", u'#DiMaio #OSCE'
'NormannoMessina', 0, u'#Regionali . Oggi, 17 ottobre, ultimo giorno per iscriversi alla lista degli #scrutatori - #news #elezioni #sicilia http:// normanno.com/regionali-2017 /scrutatori-elezioni-regionali-2017/ \u2026', u'#Regionali #scrutatori #news #elezioni #sicilia'
'RadioRadicale', 0, u'#Elezioni regionali in #Sicilia : conferenza stampa di @matteosalvinimi e Angelo Attaguile @Noiconsalvini http://www. radioradicale.it/scheda/522902/ conferenza-stampa-sulle-elezioni-regionali-siciliane \u2026', u'#Elezioni #Sicilia'
'etnahitech', 0, u'Continua la nostra iniziativa con il candidato alla Presidenza della Regione @Fabrizio_Micari gioved\xec 26 ottobre alle 16 #regionali #sicilia pic.twitter.com/Y5Sy59gnXd', u'#regionali #sicilia'
'ecodaipalazzi', 1, u'#Sondaggi Sicilia : #Musumeci sempre avanti, male il PD #RegionaliSicilia #Sicilia2017 http:// ecodaipalazzi.it/2017/10/17/son daggi-sicilia-musumeci-sempre-avanti-male-pd/ \u2026', u'#Sondaggi #Musumeci #RegionaliSicilia #Sicilia2017'
'adriscm', 0, u"Il #m5s chiede che le regionali in Sicilia vengano monitorale dall'OSCE . Per la @GiorgiaMeloni la legalit\xe0 \xe8 un optional", u'#m5s'
'ManuPalo67', 3, u'#lariachetira Arresto candidato di #Fi #RegionaliSicilia passato sotto gamba da parte dei media di regime https:// twitter.com/Penelopy2000/s tatus/920227248787075072 \u2026', u'#lariachetira #Fi #RegionaliSicilia'
'Penelopy2000', 32, 'Arresto candidato di #Fi #RegionaliSicilia passato sotto gamba da parte dei media di regime @TgLa7 @Ariachetira @OttoemezzoTW #Appendino pic.twitter.com/3E25Qewu3z', '#Fi #RegionaliSicilia #Appendino'
'MiccoliGiuseppe', 0, '#Regionali #Sicilia : Verso il voto del 5 novembre... http:// fb.me/PZkUbTvt', '#Regionali #Sicilia'
'ilSicilia', 0, '#Regionali #Sicilia : Verso il voto del 5 novembre... http:// fb.me/PZkUbTvt', '#Regionali #Sicilia'
'NuovoSud', 0, u'#Regionali in #Sicilia , Di Maio e Cancelleri al mercato di #Ballar\xf2 http:// ow.ly/Vk9230fVync #17ottobre', u'#Regionali #Sicilia #Ballar #17ottobre'
'DottorCanterino', 0, u'#DiMaio vuole l\u2019OSCE in Sicilia per le elezioni regionali ; organismo che si manda nei Paesi in guerra o in cui la democrazia \xe8 sospesa.', u'#DiMaio'
'GuidodaRozze', 0, 'regionali sicilia , #DiMaio : "vogliamo gli osservatori osce per le elezioni". mi pare giusto: #m5s e firme false sono un\'accoppiata perfetta', '#DiMaio #m5s'
'waltergianno', 0, u"Chiedere che l' #OSCE debba vigilare sul voto delle #Regionali \xe8 un insulto alla #Sicilia . Il #M5S pensi a se stesso e non agli altri.", u'#OSCE #Regionali #Sicilia #M5S'
'GrAntforGenDe', 0, '#aitantiAmici #Sicilia #regionali #occhio ;) pic.twitter.com/uIf9qxRsHP', '#aitantiAmici #Sicilia #regionali #occhio'
'NicoCusimano1', 0, "#Cancelleri richiesta di intervento all'OSCE per #regionali in Sicilia . https:// youtu.be/aNKd3hsXYi4", '#Cancelleri #regionali'
'GiorgiaMeloni', 66, u"#Sicilia Di Maio vuole l' #OSCE in Sicilia per le regionali . Io propongo invece di mandare l\u2019OSCE a vedere come fanno le primarie nel #M5S ST pic.twitter.com/U4VsuT3j8a", u'#Sicilia #OSCE #M5S'
'heliandros', 37, u"#DiMaio chiede l'intervento dell' #OSCE per le Regionali in Sicilia . Gli \xe8 giunta voce di manigoldi che falsificano firme.", u'#DiMaio #OSCE'
'Sabina1956', 0, u'. #RegionaliSicilia #Sicilia5Stelle #CancelleriPresidente #sceglieteilfuturo https:// twitter.com/rossellavilard i/status/919938533426716675 \u2026', u'#RegionaliSicilia #Sicilia5Stelle #CancelleriPresidente #sceglieteilfuturo'
'NicastroGi', 0, 'Elezioni regionali Sicilia 2017 #iocisono #Siciliafutura #Agrigento #5novembre #micaripresidente', '#iocisono #Siciliafutura #Agrigento #5novembre #micaripresidente'
'Kjlleus50', 0, u'Il #M5S chiede all\u2019OSCE di monitorare le elezioni regionali in Sicilia del 5 novembre 2017. #IoVotoLibero http://www. beppegrillo.it/2017/10/la_let tera_di_giancarlo_cancelleri_allosce_per_il_monitoraggio_delle_elezioni_siciliane_iovotolibero.html \u2026', u'#M5S #IoVotoLibero'
'Avv_Natalina', 0, u"#Sicilia : lettera di #Cancelleri all' #OSCE per #monitorare le #elezioni #regionali 2017 #loVotoLibero . . http://www. beppegrillo.it/m/2017/10/la_l ettera_di_giancarlo_cancelleri_allosce_per_il_monitoraggio_delle_elezioni_siciliane_iovotolibero.html \u2026", u'#Sicilia #Cancelleri #OSCE #monitorare #elezioni #regionali #loVotoLibero'
'itacongrillo', 2, 'Il 5 Novembre vota M5S per spazzare via dalla Sicilia il malaffare #sicilia #regionali #Cancelleri', '#sicilia #regionali #Cancelleri'
'Sir___Vincent', 0, u'@OSCE monitori le elezioni Regionali in Sicilia del 5 Novembre 2017! \u2612 #OSCE #IoVotoLibero #5Novembre2017 #M5S #ElezioniRegionali', u'#OSCE #IoVotoLibero #5Novembre2017 #M5S #ElezioniRegionali'
'GarauSilvana', 2, u'Servono rappresentanti di lista #M5S per le regionali del 5 Novembre in #Sicilia . Forza ! Siciliani https://www. facebook.com/giancarlocanc/ videos/1473072716141428/?hc_ref=ARSt3j2RzgPO91rcLTm3dFxsga9b8d4CNIqJ_BADVW9tAq-mqPS-jk_8NXMWCvH_If0 \u2026', u'#M5S #Sicilia'
'valeriasapienz1', 1, 'Elezioni regionali 2017 #sicilia #ForzaItalia #Giovani pic.twitter.com/RygZhz3uZM', '#sicilia #ForzaItalia #Giovani'
'ZzuCicciu', 1, u'Esagerato pensare che alle #Regionali in #Sicilia si possa verificare #VotoDiScambio ! Sono gi\xe0 in distribuzione i buoni spesa da 50 euri...', u'#Regionali #Sicilia #VotoDiScambio'
'Si24it', 0, 'Regionali Sicilia , #DiMaio lancia l\'allarme all\' #Osce : "Monitorate il voto, temiamo il voto di scambio" http://www. si24.it/?p=416358', '#DiMaio #Osce'
'pietrofrigo', 0, 'Gli osservatori internazionali chiesti da Di Maio #M5s per le elezioni regionali in #Sicilia pic.twitter.com/mayOBXk1x0', '#M5s #Sicilia'
'LumsaNews', 0, u"Sempre pi\xf9 caos sulle regionali in #Sicilia del #5novembre . @luigidimaio e @Giancarlocanc invocano l'Ocse http://www. lumsanews.it/elezioni-regio nali-sicilia-maio-cancelleri-serve-intervento-osce/ \u2026", u'#Sicilia #5novembre'
'checcosedda', 0, u'@luigidimaio vuole osservatori #ocse per regionali in #sicilia ma si dimentica che #rousseau \xe8 stato bucato alle primarie #m5s', u'#ocse #sicilia #rousseau #m5s'
'pirata_21', 1, 'Regionali #Sicilia , #DiMaio : "Vogliamo gli osservatori Osce per le elezioni". Pensa quando gli dicono delle matite leccate.', '#Sicilia #DiMaio'
'Conte27513375', 0, u'Regionali Sicilia , Di Maio: "Vogliamo gli osservatori Osce per le elezioni" E l\'Unesco per te, che sei patrimonio dell\'Umanit\xe0 #DiMaio', u'#DiMaio'
'Kjlleus50', 2, u'Il #M5S chieder\xe0 all\u2019OSCE di monitorare le elezioni regionali del 5 novembre in Sicilia per vigilare sul voto di scambio. Ben fatto! https:// twitter.com/luigidimaio/st atus/919853627279400961 \u2026', u'#M5S'
'Ant01974', 0, u'Chiamiamo anche l\'ONU! Ridicoli! #M5S Regionali Sicilia , Di Maio: "Vogliamo gli osservatori Osce per le elezioni" http:// palermo.repubblica.it/politica/2017/ 10/16/news/regionali_sicilia_di_maio_vogliamo_gli_osservatori_osce_per_le_elezioni_-178428709/ \u2026', u'#M5S'
'NuovoSud', 0, u'#Regionali in #Sicilia , @luigidimaio : "Voto e libert\xe0 a rischio, intervenga l\'Osce" http:// ow.ly/Il8K30fTMm1 #16ottobre', u'#Regionali #Sicilia #16ottobre'
'Sabina1956', 8, u'.Chi ha devastato la #Sicilia non merita il tuo voto, merita un calcio in c..... #RegionaliSicilia #CancelleriPresidente #Sicilia5Stelle https:// twitter.com/Massimilianosg 3/status/919581814913687554 \u2026', u'#Sicilia #RegionaliSicilia #CancelleriPresidente #Sicilia5Stelle'
'MarcoBianchi201', 0, u'Elezioni #Sicilia :In fuga da #Micari PD:14 deputati regionali lasciano le liste del centrosinistra e vanno col cdx http://www. huffingtonpost.it/2017/10/07/in- fuga-da-micari-a-meno-di-un-mese-dal-voto-in-sicilia-14-deputati-regionali-lasciano-le-liste-del-centrosinistra_a_23235812/ \u2026', u'#Sicilia #Micari'
'avvFbianchini', 0, u'#forumfamiglie #sicilia #cancelleri #micari #musumeci #fava #elezioni #famiglie #politichefamiliari #larosa #regionali https:// twitter.com/LiveSicilia/st atus/919218273631301632 \u2026', u'#forumfamiglie #sicilia #cancelleri #micari #musumeci #fava #elezioni #famiglie #politichefamiliari #larosa #regionali'
'mausantangelo', 4, u'Agor\xe0 a Castelvetrano...alle elezioni regionali del 5 Novembre 2017 della #Sicilia #SceglieteIlFuturo #M5S http:// fb.me/8SHTLinUZ', u'#Sicilia #SceglieteIlFuturo #M5S'
'allenatorebis', 12, 'Quelli di #ForzaItalia sono una spettacolo .........dei fuori classe.. #MusumeciMente #RegionaliSicilia pic.twitter.com/sCeWBcp5Jh', '#ForzaItalia #MusumeciMente #RegionaliSicilia'
'luciomummio', 0, u'#musumeci #cancelleri #regionalisicilia http://www. beppegrillo.it/m/2017/10/prim o_impresent.html \u2026', u'#musumeci #cancelleri #regionalisicilia'
'paolocristallo', 3, 'SICILIA , BOMBA SULLE REGIONALI : ARRESTATO IL SINDACO DI PRIOLO ANTONELLO RIZZA, CANDIDATO CON #MUSUMECI . http:// go.shr.lc/2yisqOS', '#MUSUMECI'
'GiuliaDiVita', 10, u'L\u2019Universit\xe0 contro #Micari . I professori sfiduciano il Rettore. http://www. ilsicilia.it/lanticipazione -luniversita-contro-micari-l-professori-sfiduciano-il-rettore/ \u2026 @unipait #regionaliSicilia', u'#Micari #regionaliSicilia'
'VanessaCarrozza', 49, u'Arrestato il sindaco di Priolo, Antonello Rizza. \xc8 candidato alle elezioni Regionali in Sicilia con #Musumeci . Cambiate! #Sicilia5Stelle', u'#Musumeci #Sicilia5Stelle'
'PieroLeone_', 0, "Elezioni Regionali 2017 - Sicilia - Pare che ci sia una gara interna tra le liste dell'onorevole #Musumeci :... http:// fb.me/yqkfyi8E", '#Musumeci'
'ste_FUN_otis', 0, u"'Acquisti con prezzi gonfiati' Sindaco di Priolo ai domiciliari. \xc8 candidato per #ForzaItalia alle #RegionaliSicilia http:// siracusa.gds.it/2017/10/14/acq uisti-con-prezzi-gonfiati-ai-domiciliari-il-sindaco-di-priolo-era-in-corsa-per-le-regionali_741336/#.WeHfXl-zMco.twitter \u2026", u'#ForzaItalia #RegionaliSicilia #'
'neXtquotidiano', 2, u'Antonello #Rizza : il candidato alle #Regionali in Sicilia arrestato https://www. nextquotidiano.it/antonello-rizz a-candidato-alle-regionali-sicilia-arrestato/ \u2026', u'#Rizza #Regionali'
'rossellavilardi', 7, u'A Marineo, il mio messaggio per voi insieme a @PediciniM5S portavoce #m5s in Europa! Grazie :-) https:// m.facebook.com/story.php?stor y_fbid=10155769097344304&id=360817574303 \u2026 #regionaliSicilia', u'#m5s #regionaliSicilia'
'M5S_Spagna', 10, 'Il #meetup di #Madrid appoggia la candidatura di #Cancelleri in #Sicilia per le #elezioni #regionali . #SceglieteIlFuturo #M5S #NoCompromise pic.twitter.com/Q70OKfg5SE', '#meetup #Madrid #Cancelleri #Sicilia #elezioni #regionali #SceglieteIlFuturo #M5S #NoCompromise'
'rossellavilardi', 2, u'Siamo gi\xe0 al Barbagianni Art Pub a Marineo, vi aspettiamo! #regionaliSicilia @sicilia5stelle #m5s #Palermo', u'#regionaliSicilia #m5s #Palermo'
'avvFbianchini', 0, u'#forumfamiglie #regionali #elezioni #sicilia #politichefamiliari #fattorefamiglia #famiglienumerose https:// twitter.com/dariomicalizio /status/915658417460666368 \u2026', u'#forumfamiglie #regionali #elezioni #sicilia #politichefamiliari #fattorefamiglia #famiglienumerose'
'uzupetru', 4, u'#RegionaliSicilia #Cancelleri a 1cm. dalla vittoria! #M5S torna in piazza. #ottoemezzo http:// gds.it/2017/10/12/reg ionali-rush-finale-di-m5s-in-50-piazze-fino-al-3-novembre_740568/?utm_medium=feed&utm_source=twitter.com&utm_campaign=Feed%3A+gds_twitter_feed \u2026 pic.twitter.com/u8DLWki81w', u'#RegionaliSicilia #Cancelleri #M5S #ottoemezzo'
'HuffPostItalia', 2, 'Una croce su #Crocetta : il Governatore della Sicilia escluso dalle elezioni regionali http:// huffp.st/yHENc2M pic.twitter.com/nEIyDryCzE', '#Crocetta'
'peppegiustolisi', 2, u'#RegionaliSicilia : il Tar di Palermo respinge il ricorso, #Crocetta fuori dalle elezioni.Ora \xe8 pronto per aprire la nuova Arena di #Giletti .', u'#RegionaliSicilia #Crocetta #Giletti'
'peppegiustolisi', 2, 'Regionali #Sicilia : il Tar di Palermo respinge il ricorso, #Crocetta fuori dalle elezioni. A conclusione di una rivoluzione di chiacchiere.', '#Sicilia #Crocetta'
'rossellavilardi', 20, 'E dopo #scuolavincemafia ci vediamo a Marineo dalle 20 al Barbagianni Art Pub. Venite a conoscerci! #regionaliSicilia #m5s #sicilia pic.twitter.com/ynZnVZgDDi', '#scuolavincemafia #regionaliSicilia #m5s #sicilia'
'soniabetz1', 4, 'Aggiungi un posto in lista, #Musumeci #RegionaliSicilia Gli impresentabili pic.twitter.com/ObW5tqRXOU', '#Musumeci #RegionaliSicilia'
'UnioneSarda', 0, '#Sicilia , il tar di #Palermo respinge il ricorso: #Crocetta fuori dalle Regionali http:// tinyurl.com/yd2yg7qe', '#Sicilia #Palermo #Crocetta'
'saulcaia', 0, u'Tra #Impresentabili e #parentopoli , le #regionali in #Sicilia promettono bene! #elesicilia http://www. lastampa.it/2017/10/11/ita lia/politica/la-sicilia-a-stelle-parenti-e-portaborse-nella-lista-cancelleri-o2fVT9Ge6fcqbQg3is8XAN/pagina.html \u2026', u'#Impresentabili #parentopoli #regionali #Sicilia #elesicilia'
'federainbow', 0, u'http://www. oggipalermo.it/2017/10/13/par tinico-massimo-dalema-sostegno-del-candidato-alla-presidenza-della-regione-claudio-fava/ \u2026 #Fava #Regionali #Sicilia', u'#Fava #Regionali #Sicilia'
'GDS_it', 1, u"#regionali #sicilia L' #Antimafia a #Palermo , @ClaudioFava consegna un promemoria su\u2026 http:// gds.it/2017/10/13/lan timafia-a-palermo-fava-consegna-un-promemoria-su-candidature-video_740881/?utm_medium=feed&utm_source=twitter.com&utm_campaign=Feed%3A+gds_twitter_feed \u2026 pic.twitter.com/hZnREguDMK", u'#regionali #sicilia #Antimafia #Palermo'
'MarioBarresi', 0, u'@Musumeci_Staff @FlaviaFama82 @DiventeraB @SoniaAlfano #regionali #sicilia http://www. lasicilia.it/news/politica/ 113861/legalita-musumeci-all-attacco-rilancia-sull-antimafia-con-lui-la-figlia-di-fama.html \u2026', u'#regionali #sicilia'
'gioatriz', 7, 'Regionali Sicilia .Demopolis : Musumeci 35%, Cancelleri 32%, Micari 22%. Ancora un piccolo sforzo e i leghisti non entreranno in Sicilia #M5S', '#M5S'
'GDS_it', 1, u'#regionali #sicilia , via alle domande per i posti di #scrutatore : le procedure http:// gds.it/2017/10/13/reg ionali-via-alle-domande-per-i-posti-di-scrutatore-le-procedure_740648/?utm_medium=feed&utm_source=twitter.com&utm_campaign=Feed%3A+gds_twitter_feed \u2026 pic.twitter.com/ryCsNSw3wW', u'#regionali #sicilia #scrutatore'
'villino', 4, 'Sondaggio #Demopolis in esclusiva per il Giornale di Sicilia #regionalisicilia #elezioni @Musumeci_Staff e @GiancarloCanc allo sprint pic.twitter.com/yZdrG9RtVf', '#Demopolis #regionalisicilia #elezioni'
'lasiciliait', 0, "#Regionali in Sicilia , arriva l' #Antimafia per passare le liste al setaccio http:// fb.me/JEkTahKu", '#Regionali #Antimafia'
'Si24it', 0, u'#Regionali Sicilia , game over per #Crocetta . La lista #Micari rester\xe0 fuori a #Messina http://www. si24.it/?p=415782 pic.twitter.com/rFJedNA8g0', u'#Regionali #Crocetta #Micari #Messina'
'uzupetru', 2, u'#RegionaliSicilia per #crocetta un #ciaone AFFONDA IL #PD #tagadala7 http://www. mondopalermo.it/news/regionali -crocetta-resta-fuori-dalla-competizione-il-tar-boccia-il-ricorso/ \u2026', u'#RegionaliSicilia #crocetta #ciaone #PD #tagadala7'
'JonicaReporter', 0, 'http://www. jonicareporter.it #politica #regionali #Sicilia #udc #catenodelucasindacomessina Domani venerdi 13 alle... http:// fb.me/DnJZ4i8j', '#politica #regionali #Sicilia #udc #catenodelucasindacomessina'
'MarioBarresi', 1, '#Regionali sul tavolo dell\'Antimafia esposti e carte sugli impresentabili (pubblicato ieri su "La Sicilia " a pag. 2) http:// bit.ly/2kKhiFc', '#Regionali'
'ElviraAmata', 1, 'Adesso su @TremediaMessina canale 112 del digitale terrestre per parlare di #Sicilia e sviluppo| #regionalisicilia #RegionaliSicilia2017 pic.twitter.com/bQydUKvYCv', '#Sicilia #regionalisicilia #RegionaliSicilia2017'
'Ellisbell89', 0, u'Quale sar\xe0 il risultato dei controlli della #Commissione #Antimafia ? #regionalisicilia #regionali2017 #elezioni http:// normanno.com/regionali-2017 /elezioni-regionali-sicilia-2017-micari-rimonta-commissione-antimafia/ \u2026', u'#Commissione #Antimafia #regionalisicilia #regionali2017 #elezioni'
'GDS_it', 0, u'"Liste pulite" alle #Regionali , da venerd\xec l\'Antimafia in #Sicilia http:// gds.it/2017/10/11/lis te-pulite-alle-regionali-da-venerdi-lantimafia-in-sicilia_739751/?utm_medium=feed&utm_source=twitter.com&utm_campaign=Feed%3A+gds_twitter_feed \u2026 pic.twitter.com/sEjTwVDfj4', u'#Regionali #Sicilia'
'radio_med', 0, '#elezioni #sicilia Elezioni regionali : escluse le liste di Busalacchi , Lo Iacono e Reale http:// fb.me/zbZoQaJ2', '#elezioni #sicilia'
'pietrogiangrass', 0, u'#Regionali , da Gioved\xec al via le adesioni per #scrutinatori . https://www. facebook.com/pietrogiangras so/posts/1460790867290015 \u2026 #Elezioni #Sicilia', u'#Regionali #scrutinatori #Elezioni #Sicilia'
'CarloSantaroni', 0, u'Regionali #Sicilia , il tribunale sospende le primarie on line. Ma #M5S va avanti lo stesso http:// palermo.repubblica.it/politica/2017/ 09/19/news/regionali_sicilia_il_tribunale_sospese_le_primarie_on-line_di_5stelle-175897181/ \u2026 via @repubblica #fiducia', u'#Sicilia #M5S #fiducia'
'NuovoSud', 0, '#Regionali in #Sicilia , i candidati restano cinque: tre sono stati esclusi http:// ow.ly/6OoH30fLxER #10ottobre', '#Regionali #Sicilia #10ottobre'
'lasiciliait', 0, u'#Regionali in Sicilia , esclusi tre candidati per \u201cirregolarit\xe0\u201d nei listini http:// fb.me/2poXO7psw', u'#Regionali'
'Reset_Italia', 0, u'Il M5s presenta lista #impresentabili in #Sicilia , eccola http://www. beppegrillo.it/immagini/immag ini/ListaImpresentabiliSicilia.pdf \u2026 #elezioniSicilia #regionali', u'#impresentabili #Sicilia #elezioniSicilia #regionali'
'acqu_marina', 1, 'https:// youtu.be/8icAHE1zR4k Intervista di @KlausDavi a #Giarrusso #M5S #RegionaliSicilia **DA ASCOLTARE**', '#Giarrusso #M5S #RegionaliSicilia'
'renatosouvarine', 0, 'Vedi consiglieri regionali in Sicilia che,dal PD,traslocano in #Forzaitalia .:-)))', '#Forzaitalia'
'V_Mazzotta', 0, 'Per chi vota alle #Regionali in #Sicilia questi sono i #candidati di #Musumeci . Scegliete chi volete che... http:// fb.me/CJaClPk8', '#Regionali #Sicilia #candidati #Musumeci'
'Sabina1956', 3, u'#regionaliSicilia , da #PD a #FI , gli impresentabili. https:// twitter.com/gioatriz/statu s/917387796473696257 \u2026', u'#regionaliSicilia #PD #FI'
'Sabina1956', 1, u'. #regionaliSicilia , la sagra degli #indagati . Piuttosto #sceglieteilfuturo #M5S #onest\xe0 #CancelleriPresidente https:// twitter.com/gioatriz/statu s/916778243440640000 \u2026', u'#regionaliSicilia #indagati #sceglieteilfuturo #M5S #onest #CancelleriPresidente'
'jkat__', 0, '#SceglieteIlFuturo #CancelleriPresidente #M5S #RegionaliSicilia pic.twitter.com/1fBKCOxM0i', '#SceglieteIlFuturo #CancelleriPresidente #M5S #RegionaliSicilia'
'Wikileaks_Ita', 0, u'Regionali Sicilia , \u201cCon #Micari e #Musumeci uomini legati alla mafia\u201d. E fa i nomi di candidati di #Pd e... http:// fb.me/985A4ppzW', u'#Micari #Musumeci #Pd'
'Corinne_DiMulo', 2, 'Intervista a #RobertoLaRosa candidato alla presidenza con #SicilianiLiberi #zes #RegionaliSicilia https:// youtu.be/0mGg3f4Y7fI', '#RobertoLaRosa #SicilianiLiberi #zes #RegionaliSicilia'
'Sabina1956', 0, 'Hanno una grande occasione, speriamo non la sprechino. #RegionaliSicilia #CancelleriPresidente', '#RegionaliSicilia #CancelleriPresidente'
'formichenews', 0, "Tutti gli schieramenti alle #elezioni regionali in Sicilia . L'articolo di Pierangelo Bonanno http:// ht.ly/Yw7W30fIKEQ", '#elezioni'
'malgradotuttobl', 0, u'#RegionaliSicilia #elesicilia #domenicalive #Renzi #Berlusconi #Musumeci #Cancelleri #Ars #Palermo #Catania #Alfano https:// twitter.com/malgradotuttob l/status/916960294244667392 \u2026', u'#RegionaliSicilia #elesicilia #domenicalive #Renzi #Berlusconi #Musumeci #Cancelleri #Ars #Palermo #Catania #Alfano'
'GilliFab', 0, u'#DanielaSantanch\xe8 : "Sono sicura, in #Sicilia vince #Musumeci !" Gliel\'ha detto #Fassino . #Regionali #Sicilia #8ottobre', u'#DanielaSantanch #Sicilia #Musumeci #Fassino #Regionali #Sicilia #8ottobre'
'rcatania68', 0, u'#regionalisicilia : La #Boschi : "se fossi siciliana voterei #Micari " Beh non credo ci siano dubbi, il #pd di #Renzi in Sicilia ha gi\xe0 perso!', u'#regionalisicilia #Boschi #Micari #pd #Renzi'
'notiveri', 1, u'Tutti gli schieramenti alle #elezioni regionali in #Sicilia : Il prossimo 5 novembre in Sicilia si decider\xe0 chi sar\xe0\u2026 http:// formiche.net/2017/10/08/sch ieramenti-elezioni-sicilia/?utm_source=dlvr.it&utm_medium=twitter \u2026 pic.twitter.com/rV8WeZCPeP', u'#elezioni #Sicilia'
'GDS_it', 0, u'Il sindaco di #PrioloGargallo in corsa alle #Regionali #Sicilia : "I miei processi? Per\u2026 http:// siracusa.gds.it/2017/10/08/il- sindaco-di-priolo-in-corsa-alle-regionali-i-miei-processi-per-legge-posso-candidarmi_737999/?utm_medium=feed&utm_source=twitter.com&utm_campaign=Feed%3A+gds_twitter_feed \u2026 pic.twitter.com/pqjmbmGZlF', u'#PrioloGargallo #Regionali #Sicilia'
'francesco_scoma', 3, "Con Musumeci e micciche ' , per vincere #elezioni regionali sicilia 2017, @forza_italia , @ForzaItaliaArs , @forzasilvioit , @Fi_Pdl_Senato pic.twitter.com/LXjymRdYo8", '#elezioni'
'rossellavilardi', 0, u'Sono in diretta ora da Villabate, seguitemi qui: https:// m.facebook.com/story.php?stor y_fbid=10155750280444304&id=360817574303 \u2026 #regionaliSicilia #m5s #palermo', u'#regionaliSicilia #m5s #palermo'
'rossellavilardi', 0, 'Fra pochissimo ci vediamo tutti a #Villabate ! Alle 17 in via Giulio Cesare 8 coi candidati #m5s alle prossime #regionaliSicilia ! #palermo pic.twitter.com/jnoFosAiyB', '#Villabate #m5s #regionaliSicilia #palermo'
'MannaAniello', 1, 'Elezioni Regionali in SICILIA - CATANIA........Ecco i Candidati #M5S pic.twitter.com/eV4UyLw5W4', '#M5S'
'GDS_it', 0, u'Regionali , Beppe Grillo lancia l\'appello " Sicilia il quartier generale del #M5S " http:// gds.it/2017/10/07/reg ionali-beppe-grillo-lancia-lappello-sicilia-il-quartier-generale-del-m5s_737754/?utm_medium=feed&utm_source=twitter.com&utm_campaign=Feed%3A+gds_twitter_feed \u2026 pic.twitter.com/w35i7HndRY', u'#M5S'
'ToninoMoscatt', 3, '#regionali In giro per la #Sicilia a sostegno dei candidati del Partito democratico e #Micaripresidente pic.twitter.com/mxM8FGabIW', '#regionali #Sicilia #Micaripresidente'
'JonicaReporter', 0, u'http://www. jonicareporter.it #Regionali #DeLuca ll leader di Sicilia Vera Cateno De Luca aprir\xe0 la campagna... http:// fb.me/2pbhqVNWj', u'#Regionali #DeLuca'
'GaspareStabile', 0, u'#Regionali in #Sicilia , liste presentate. Ecco gli sconfitti a Trapani, gi\xe0 prima di votare http://www. tp24.it/2017/10/07/pol itica/regionali-sicilia-liste-presentate-ecco-sconfitti-trapani-prima-votare/113733#.WdiGPrWAhy4.twitter \u2026 @DavideDiStefan', u'#Regionali #Sicilia #'
'gallo_dario', 0, u'Dal #centrosinistra a #Musumeci #Regionali , #saltafosso #lastminute - Live Sicilia http:// livesicilia.it/2017/10/06/dal -centrosinistra-a-musumeci-regionali-saltafosso-last-minute_894529/ \u2026', u'#centrosinistra #Musumeci #Regionali #saltafosso #lastminute'
'lasiciliait', 0, '#Regionali , ecco i #listini dei sette candidati alla Presidenza #Sicilia http:// fb.me/5yQH7xZIh', '#Regionali #listini #Sicilia'
'Sabina1956', 1, u'#regionaliSicilia #m5sSicilia #sicilia5Stelle https:// twitter.com/rossellavilard i/status/914459847244042240 \u2026', u'#regionaliSicilia #m5sSicilia #sicilia5Stelle'
'Sabina1956', 2, u'#regionaliSicilia #m5sSicilia #sicilia5Stelle https:// twitter.com/GiuliaDiVita/s tatus/915499781165809664 \u2026', u'#regionaliSicilia #m5sSicilia #sicilia5Stelle'
'michiamofenice', 0, u'Regionali Sicilia , strategia #m5s : attacchi a Musumeci con slogan e campagne web http:// palermo.repubblica.it/politica/2017/ 10/06/foto/la_strategia_5_stelle_attacchi_a_musumeci_con_slogan_e_campagne_social-177484353/ \u2026 via @repubblica', u'#m5s'
'mantynsky_', 0, 'Ehm ehm... #Micari annacati con le liste che ce ne dobbiamo andare a casa #elezioniregionali #regionalisicilia #sicilia', '#Micari #elezioniregionali #regionalisicilia #sicilia'
'etnahitech', 0, 'Passiamo da spettatori della politica a cittadini attivi e le cose cambieranno @GiancarloCanc #regionali in #Sicilia pic.twitter.com/NC8VBqFYXK', '#regionali #Sicilia'
'etnahitech', 0, 'Abbiamo bisogno di un rinnovo di chi ci rappresenta @luigidimaio #regionali in #Sicilia pic.twitter.com/x4zFfUwdIU', '#regionali #Sicilia'
'etnahitech', 0, '#regionali in #Sicilia @GiancarloCanc e @luigidimaio rispondo su #imprese e #innovazione pic.twitter.com/Gw4ESMut4W', '#regionali #Sicilia #imprese #innovazione'
'etnahitech', 0, 'Primo incontro con i candidati alle #regionali in #Sicilia confronto con @GiancarloCanc e @luigidimaio pic.twitter.com/erpIe7btl3', '#regionali #Sicilia'
'adbonaccorso', 0, u'#Sicilia #Messina #Elezioni #Regionali Franco De Domenico spiega perch\xe9 corre col Partito Democratico @pdnetwork - http:// bit.ly/2fOJ1ix', u'#Sicilia #Messina #Elezioni #Regionali'
'fede_allegretti', 0, 'Flavio Lombardo per @RSM_ Sicilia " Nella civilissima #Europa non tollerabile situazione scuola siciliana" @Rete_Studenti @udu_palermo #sicilia #regionali #studenti pic.twitter.com/LU47YmBxST', '#Europa #sicilia #regionali #studenti'
'fede_allegretti', 0, 'Andrea Manerchia per @udu_palermo "Avete un piano strategico ed economico reale per il diritto allo studio?" @RSM_ Sicilia @Rete_Studenti @udu_sind #sicilia #regionali pic.twitter.com/btVeFCgCaY', '#sicilia #regionali'
'Si24it', 0, 'Regionali Sicilia , a destra scoppia il caos liste. #Musumeci esclude #Armao : "Troppi saltafossi" http://www. si24.it/?p=414481 pic.twitter.com/o9BeazvPDN', '#Musumeci #Armao'
'fede_allegretti', 0, u'A Palermo, Facolt\xe0 di Giurisprudenza, @claudiofava1 e @Fabrizio_Micari a confronto. @Musumeci_Staff e @GiancarloCanc non pervenuti. #sicilia #regionali pic.twitter.com/Xq2IEeRj9l', u'#sicilia #regionali'
'alanwake_71', 1, '#RegionaliSicilia : i partiti di #Renzi e #Berlusconi ingrossano le liste con amici dei boss e impresentabili in odore di #mafia #PD #FI pic.twitter.com/kJGFirXnfc', '#RegionaliSicilia #Renzi #Berlusconi #mafia #PD #FI'
'katya_maugeri', 0, u'#ClaudioFavaPresidente #elezioni #Regionali #Sicilia https:// twitter.com/claudiofava1/s tatus/916200515079409664 \u2026', u'#ClaudioFavaPresidente #elezioni #Regionali #Sicilia'
'N36volpe1973', 0, u'La Notizia di Oggi Riguarda la Sicilia " Dal centrosinistra a Musumeci Regionali , saltafosso last minute " http:// info5stelle.blogspot.it/2017/10/la-not izia-di-oggi-riguarda-la-sicilia.html \u2026 #m5s pic.twitter.com/iGLUi3QdQ4', u'#m5s'
'M5S_Spagna', 0, 'http://www. giancarlocancelleri.it/programma/ #cancelleri #M5S #elezioni #Sicilia #RegionaliSicilia', '#cancelleri #M5S #elezioni #Sicilia #RegionaliSicilia'
'rossellavilardi', 0, 'Aperitivo propositivo, verso le regionali #M5S #Sicilia http:// ift.tt/2xjwIGl pic.twitter.com/vMIJ9wICcW', '#M5S #Sicilia'
'mlsSartorio', 0, u'#Regionali #Sicilia . #Armao \u2018 #Musumeci aveva assunto impegno con me\u2019 http://www. 10notizie.it/2017/10/05/reg ionali-sicilia-armao-musumeci-assunto-impegno/ \u2026', u'#Regionali #Sicilia #Armao #Musumeci'
'ilGrillodiPA', 1, u'Eccoci qua! Manchi solo tu ;) #Palermo #m5s #regionaliSicilia https:// twitter.com/rossellavilard i/status/916001010644127747 \u2026', u'#Palermo #m5s #regionaliSicilia'
'rossellavilardi', 13, 'Siamo in via Marchese di Villabianca 32 per il nostro aperitivo propositivo, vi aspetto! #regionaliSicilia #m5sSicilia #sicilia5Stelle pic.twitter.com/yz6mCZLjPe', '#regionaliSicilia #m5sSicilia #sicilia5Stelle'
'VirginiAvve', 1, 'Cento passi per la Sicilia . Guarda il video intero su https:// youtu.be/unvNii3vxZE #ClaudioFavaPresidente #Fava #RegionaliSicilia #5novembre2017 pic.twitter.com/CDqiYvTqeX', '#ClaudioFavaPresidente #Fava #RegionaliSicilia #5novembre2017'
'mantynsky_', 1, '#regionalisicilia Ormai quando fanno le peggiori porcate invocano la compattezza nazionale, che schifo #micari #crocetta #sicilia', '#regionalisicilia #micari #crocetta #sicilia'
'AngerandMisery', 0, u'In #Sicilia per le regionali ,la sfida \xe8 tra #M5S con @GiancarloCanc e #Cosanostra con #Musumeci', u'#Sicilia #M5S #Cosanostra #Musumeci'
'PaesiEtneiOggi', 0, u'#elezioni #regionali fuschigrad #sappiatelo #Sicilia #etna #Catania #forzacatania #forzaetna \u2026 https://www. instagram.com/p/BZ3iY2Kncab/', u'#elezioni #regionali #sappiatelo #Sicilia #etna #Catania #forzacatania #forzaetna'
'GDS_it', 0, u'#Regionali #sicilia , @ClaudioFava : "Preoccupato che la #mafia abbia propri referenti in\u2026 http:// gds.it/2017/10/05/reg ionali-fava-preoccupato-che-la-mafia-abbia-propri-referenti-in-liste-video_736455/?utm_medium=feed&utm_source=twitter.com&utm_campaign=Feed%3A+gds_twitter_feed \u2026 pic.twitter.com/QlicbAyfmQ', u'#Regionali #sicilia #mafia'
'infooggi', 0, 'caos #elezioni #regionali #Sicilia , presunto errore in #moduli #candidature riguardo #legge #Severino denunciato... http:// fb.me/6uSpW0BkN', '#elezioni #regionali #Sicilia #moduli #candidature #legge #Severino'
'NuovoSud', 0, '#Regionali in #Sicilia , pressing su Crocetta per ritirare #Megafono http:// ow.ly/KBdd30fEOyL #5ottobre', '#Regionali #Sicilia #Megafono #5ottobre'
'CarmelinaCarmi', 0, '#Regionali in #Sicilia : elezioni a rischio caos per moduli sbagliati @pdnetwork @PaoloGentiloni @Viminale https:// goo.gl/n58jvE', '#Regionali #Sicilia'
'avvarminio', 1, '#regionaliSicilia #UdC Se non sei "avvenente", se non hai vinto un concorso di bellezza e, soprattutto, se non... http:// fb.me/4w5srTyu3', '#regionaliSicilia #UdC'
'CapsicumSatira', 8, u"#Elezioni regionali in #Sicilia , l'antimafia controller\xe0 le liste: \u201cFacciamo l\u2019appello, picciotti!\u201d ( @elmorisco )", u'#Elezioni #Sicilia'
'elmorisco', 0, u"#Elezioni regionali in #Sicilia , l'antimafia controller\xe0 le liste: \u201cFacciamo l\u2019appello, picciotti!\u201d", u'#Elezioni #Sicilia'
'GilliFab', 0, u"#Regionali #Sicilia , l' #antimafia far\xe0 controlli sulle liste. Vabb\xe8, ma allora non si voter\xe0 mai.", u'#Regionali #Sicilia #antimafia'
'mlsSartorio', 0, u'#Sicilia : #regionali ,#Fava \u201cPrimo atto legge su #diritto allo #studio \u201d http://www. 10notizie.it/2017/10/04/245 15/ \u2026', u'#Sicilia #regionali #Fava #diritto #studio'
'NuovoSud', 0, '#Regionali in #Sicilia : Boschi e Micari presentano la lista Pd a #Catania http:// ow.ly/SUt330fDhgf #4ottobre', '#Regionali #Sicilia #Catania #4ottobre'
'AssintelSicilia', 2, 'Incontriamo i candidati alla Presidenza per confrontarci su imprese e innovazione. Presto il calendario completo #regionali #sicilia pic.twitter.com/Ke5teH0X6u', '#regionali #sicilia'
'etnahitech', 1, 'Incontriamo i candidati alla Presidenza per confrontarci su imprese e innovazione. Presto il calendario completo #regionali #sicilia pic.twitter.com/OgvSWjTJMW', '#regionali #sicilia'
'mlsSartorio', 0, u'#Regionali #Sicilia . #Micari presenta listino e assessori. #Baccei all\u2019 #Economia http://www. 10notizie.it/2017/10/03/reg ionali-sicilia-micari-presenta-listino-assessori/ \u2026', u'#Regionali #Sicilia #Micari #Baccei #Economia'
'jkat__', 0, 'Pillole di programma #CancelleriPresidente #SceglieteIlFuturo #RegionaliSicilia #M5S #Sicilia http://www. giancarlocancelleri.it/programma/', '#CancelleriPresidente #SceglieteIlFuturo #RegionaliSicilia #M5S #Sicilia'
'SalvoDeNatale', 0, u'#senzascuse #elezioniregionali #regionali #sicilia #elezioni #messina #ferdinandocroce #scrivicroce #diventer\xe0bel \u2026 http:// ift.tt/2fIf041', u'#senzascuse #elezioniregionali #regionali #sicilia #elezioni #messina #ferdinandocroce #scrivicroce #diventer'
'Si24it', 0, 'Regionali Sicilia , #Micari presenta la sua squadra: "In giunta Baccei, Abramo, Biundo e Torregrossa" http://www. si24.it/?p=414068 pic.twitter.com/lUYjYlY1uP', '#Micari'
'tomdimaria3', 0, '#RegionaliSicilia I candidati lista provincia di #Trapani #M5S http://www. giancarlocancelleri.it/candidati/', '#RegionaliSicilia #Trapani #M5S'
'francescovast', 1, 'A #Catania il caso del nipote di Raffaele #Lombardo candidato (o no?) in @forza_italia #Regionali #Sicilia http:// ift.tt/2xUdMML', '#Catania #Lombardo #Regionali #Sicilia'
'_Mirko_Valenti_', 0, '#MusumeciPresidente elezioni regionali #Sicilia 2017 #FratellidItalia #FDI pic.twitter.com/yBrjT6aQWM', '#MusumeciPresidente #Sicilia #FratellidItalia #FDI'
'AntoColucciPD', 0, '"Se il #Pd dovesse perdere alle regionali in Sicilia , Renzi dovrebbe fare una riflessione non un passo indietro.... http:// fb.me/6MUxdElcm', '#Pd'
'NuovoSud', 0, u'#Regionali in #Sicilia , venerd\xec il confronto tra gli aspiranti governatori http:// ow.ly/x1Tr30fBeqe #3ottobre', u'#Regionali #Sicilia #3ottobre'
'Cecetto_M5s', 0, u'Regionali Sicilia . Cambiano, assessore designato #M5s : \u201cVentimila contrattisti nei Comuni, basta precariato!\u201d http:// palermo.repubblica.it/cronaca/2017/1 0/02/news/regionali_sicilia_sindaco_anti-abusivi_designato_assessore_dai_grillini_grazie_per_la_fiducia_-177139180/ \u2026', u'#M5s'
'NuovoSud', 0, '#Regionali in #Sicilia : #Cancelleri lancia Cambiano, sindaco dei sindaci http:// ow.ly/BYqy30fzfeb #2ottobre', '#Regionali #Sicilia #Cancelleri #2ottobre'
'marcos_sup', 0, 'Non credo assolutamente ai sondaggi che alle #regionalisicilia danno in vantaggio #musumeci vs #cancellieri', '#regionalisicilia #musumeci #cancellieri'
'NicoCusimano1', 2, u'Venghino si\xf3ri venghino. Ancora pochi posti sul carro di #MusumeciScappa #Sicilia #regionali pic.twitter.com/FUG7LxUnH6', u'#MusumeciScappa #Sicilia #regionali'
'soniabetz1', 30, u'Il 5 novembre abbiamo la possibilit\xe0 di cambiare tutto, o adesso o mai pi\xf9! #M5S #RegionaliSicilia pic.twitter.com/eCFvrugMlE', u'#M5S #RegionaliSicilia'
'rossellavilardi', 19, u'Presentazione dei candidati #m5sSicilia a Isola delle Femmine! VIDEO: https:// m.facebook.com/story.php?stor y_fbid=10155732106394304&id=360817574303 \u2026 #m5s #regionaliSicilia pic.twitter.com/ZYvRIBpwwT', u'#m5sSicilia #m5s #regionaliSicilia'
'rossellavilardi', 6, u'A disposizione del #MoVimento5Stelle per cambiare la nostra fantastica #Sicilia !Contattatemi: https:// m.facebook.com/story.php?stor y_fbid=10155729470039304&id=360817574303 \u2026 #regionaliSicilia #m5s pic.twitter.com/K9t20zxLAd', u'#MoVimento5Stelle #Sicilia #regionaliSicilia #m5s'
