|Red|,|"Gi\xe0 se ne parlava nel 1981. Qui \xe8 d'obbligo fare una riflessione seria sull' #eutanasia e non solo. pic.twitter.com/McoCBjlrYe"|
|Red|,|'#biotestamento #eutanasia battete le mani in nome del progresso e morirete felici a contenti Dove stiamo andando? [sub ITA] https:// youtu.be/i-bR53nANUI via @YouTube'|
|Red|,|'\u201cCi sono infermiere che hanno paura di essere ricoverate, sanno di rischiare l\u2019 #eutanasia \u201d (Maurizio #Blondet )... https:// fb.me/3sL24cQs2'|
|Red|,|"Ci\xf2 ke fa incazzare \xe8 la perfida e la caparbiet\xe0 dei #pdioti ke tra legge #fornero xcui1va in pensione quasi a fine vita e la #dat la via italiana all' #eutanasia rischiano di frustrare i #baluba ke vorrebbero ma nn riescono a pagarci le #pensioni"|
|Red|,|"Io che, paralizzato nel mio letto, lotto contro l\' eutanasia " - Lettera di Salvatore Crisafulli #Eutanasia http://www. agesupermaria.it/2017/12/io-che -paralizzato-nel-mio-letto-lotto.html \u2026'|
|Red|,|"TUTTO SI PAGA IN QUESTA VITA e le pessime leggi approvate PRODURRANNO SOFFERENZA E INGIUSTIZIA SULLA CARNE DELLE PERSONE Si ha l\u2019impressione di doversi ormai impegnare per RICOSTRUIRE dalle basi un alfabeto che \xe8 stato disarticolato" #DAT #EUTANASIA https:// twitter.com/MarcoTosatti/s tatus/941767814742007815 \u2026'|
|Red|,|'@a_meluzzi #biotestamento #finevita #aborto #abortolegal #suicidio #eugenetica #fecondazioneeterologa #uteroinaffitto #suicidioassistito #bonino #emmabonino #radicali #radicaliitaliani #PiuEuropa #droga #LegalizeIt #LegalizeMarijuana #LEGALIZE #EutanasiaLegale #eutanasia #gender https:// twitter.com/SPAFFETTI/stat us/941772091124338689 \u2026'|
|Red|,|"La #libert\xe0 intesa come AUTODETERMINAZIONE, che questa legge afferma ed ASSOLUTIZZA, NON \xc8 IN GRADO di tenere insieme niente e nessuno, NEMMENO L\u2019INDIVIDUO CON SE STESSO" #DAT #EUTANASIA https:// twitter.com/MarcoTosatti/s tatus/941767814742007815 \u2026'|
|Blue|,|'#eutanasia Tutti parlano di diritto alla vita, ma pochi si preoccupano del diritto a morire in modo dignitoso. Eppure non \xe8 difficile immaginare cosa sia peggiore della morte immedesimandosi con partecipazione, e non superficialmente, in certe situazioni.............'|
|Blue|,|'ti dico solo che la sedazione profonda \xe8 accettata anche dai medici obiettori e da molti cattolici tradizionalisti. Non \xe8 eutanasia o sospensione cure e viene fatta in accordo fra paziente e medico. Poi se tu vuoi soffrire,libera,ma mi pare un proposito masochista. #biotestamento'|
|Blue|,|'Meno male che ora c\'\xe8 la "legge di civilt\xe0" pro #eutanasia ... https:// twitter.com/CesareSacchett i/status/941735119567585281 \u2026'|
|Red|,|"L'aspetto forse pi\xf9 aberrante \xe8 il divieto di obiezione di coscienza. Se il paziente chiede di morire il medico dovr\xe0 obbedire, ossia sar\xe0 costretto a compiere un assassinio pena il licenziamento e, forse, una condanna penale. Altro che Nazismo! #eutanasia"|
|Blue|,|'#eutanasia pic.twitter.com/XyvEk5AwoY'|
|Red|,|'ECCO I NOMI DI CHI HA VOTATO L\u2019 #EUTANASIA ! #cenericorderemo #politicamortifera https:// fb.me/Hy7mx472'|
|Blue|,|'#CharlieGard 15/11 http:// paper.li/livrexpress/14 07104449?edition_id=6eda0e10-ca53-11e7-8f06-002590a5ba2d \u2026 #CharliesArmy #JudicialTyranny #statism #euthanasia #eutanasia #prolife #provida #life #health #healthcare #medicine #hospital #bestinterest #judiciary #justice #greatormond #gosh #nhs #uk #britain #british #government #nwo #relativism'|
|Red|,|'#eutanasia #biotestamento #aborto ecco i calcoli spietati che muovono le "battaglie di civilt\xe0" PAGA O MUORI https:// twitter.com/obianuju/statu s/941682241490571264 \u2026'|
|Red|,|'A proposito di #biotestamento ed #eutanasia . Nessuno sa dove si potrebbe arrivare... o forse s\xec. https:// fb.me/B1vntPcM'|
|Red|,|"Ma non sanno (o fanno finta di non sapere)che una volta costruita la moschea quel luogo sar\xe0 considerato per sempre terra dell'islam? Reclamano ancora la Spagna... Ti prego Ges\xf9 ritorna presto Tutto \xe9 compiuto l #eutanasia \xe9 approvata.."|
|Red|,|"Dopo la batosta del #Biotestamento non ho visto tweet di #Bersani o #Grasso , \xe8 difficile elaborare un colpo cos\xec devastante alla loro misera immagine di cavalieri dei diritti. Credo che #liberieuguali debba ricorrere all' eutanasia perch\xe9 \xe8 gi\xe0 un partito moribondo."|
|Red|,|"Presidente #Mattarella stacchi pure spina a #Legislatura pi\xf9 incostituzionale di sempre finora! E' unica #eutanasia che vogliamo approviamo legittimiamo. Legge su #IusMortis la abrogheremo con tutte altre norme e leggi che offendono la #dignit\xe0 umana votate da #Destra che non c'\xe8 pic.twitter.com/O9OOPUQJvb"|
|Red|,|'#BioTestamento ed eutanasia ultimo passo pic.twitter.com/XBoZwmhyg8'|
|Red|,|"Il Movimento per la Vita italiano da mesi denuncia questa drammatica verit\xe0. Da ieri con il #biotestamento \xe8 entrata l' #eutanasia nel nostro ordinamento, bench\xe9 i promotori affermano (contraddicendosi) il contrario. http:// ow.ly/BG2A30hfron"|
|Red|,|'http://www. farodiroma.it/biotestamento- gambino-scienzavita-non-bastati-pareri-contrari-degli-specialisti-far-ravvedere-un-senato-salvato-dal-referendum/ \u2026 #BioTestamento . @AlbertoMGambino (Scienza & Vita): non sono bastati i pareri contrari degli specialisti. Il #Senato non ci ha ascoltato #eutanasia'|
|Red|,|'Sacrosanta la rivendicazione del diritto a curare e a non uccidere #Biotestamento #Dat #eutanasia #ospedalicattolici #obiezionedicoscienza https://www. interris.it/sociale/ospeda li-cattolici-pronti-alla-resistenza \u2026'|
|Red|,|'#DAT #eutanasia #prolife Il Cottolengo fa obiezione di coscienza. "Se ci \xe8 andato Cappato a processo [per la morte] anche noi ci possiamo andare [per la vita]" http://www. farodiroma.it/biotestamento- don-arice-cottolengo-fara-obiezione-coscienza-non-applichera-le-dat/amp/?__twitter_impression=true \u2026'|
|Red|,|Mai fatto la guerra con Lei; ma oggi siamo davvero pi\xf9 liberi di ieri, annullando quel rapporto medico-paziente che da sempre ha caratterizzato il curare? Anche perch\xe9, diciamolo, a Lei del #BioTestamento interessa poco: altrimenti perch\xe9 chiedere subito una legge sull\u2019 eutanasia ?'|
|Red|,|"Le persone non si rivolteranno. Non alzeranno gli occhi dai loro schermi, non abbastanza per notare cosa sta accadendo" \u201c1984\u201d \u2013 George Orwell #Biotestamento #UnioniCivili #eutanasia #Aborto pic.twitter.com/VXbmv5AcpL'|
|Red|,|'Silenzio in aula in difesa dell\u2019 #eutanasia @7Corriere http://www. corriere.it/foto-gallery/s ette/17_dicembre_14/eutanasia-cappato-3aca7efa-df68-11e7-b8cc-37049f602793.shtml \u2026'|
|Red|,|'Provate a chiedere in giro: Cosa pensa la #Chiesa (vescovi, fedeli, cardinali...) di #biotestamento , #eutanasia ,... https:// fb.me/8gx9C1cRe'|
|Red|,|Sul sito, il mio pensiero in merito al #BioTestamento , approvato ieri in Senato e che ha fatto entrare nel nostro ordinamento il diritto all\u2019 eutanasia : http://www. massimopolledri.it/n/index.php/it em/227-benvenuti-nel-nuovo-totalitarismo \u2026'|
|Red|,|'La politica si \xe8 arresa http://www. centrostudilivatino.it/la-politica-si -e-arresa/ \u2026 #dat #biotestamento #eutanasia'|
|Red|,|'#BioTestamento Dignit\xe0=Inutilit\xe0=Costo sociale= Eutanasia =Risparmio economico Ecco vera sottesa inconfessabile ragion di stato provvedimento!'|
|Blue|,|'#DAT EUTANASICO??? Ma che razza di definizione e\u2019 questa? Eutanasia vuol dire processo attivo nel far morire una persona, qui si tratta di poter decidere, prima di non poterlo pi\xf9 fare, fino a che punto altri e non se stessi potranno accanirsi per farti vivere ad ogni costo.'|
|Blue|,|'#EmmaBonino "Se la politica riesce ancora ad emozionare, vuol dire che c\'\xe8 #speranza . Butter\xf2 sempre il #cuore aldil\xe0 dell\'ostacolo" #poltica come sfera pubblica e culturale. #Biotestamento #Eutanasia #DirittiCivili #DirittiSociali @CertiDiritti @EutanaSiaLegale @ass_coscioni'|
|Red|,|"Ci deve essere un'esplosione di male...solo allora si vedra l'orrore e si capir\xe0! \xc8 nella notte che si vedono le stelle(N.Berdjaev) #eutanasia"|
|Red|,|"Le vittorie del nostro secolo sono le sconfitte dell'uomo. Vincono 2 a 0 cani e i gatti.Siti a migliaia che proteggono e fuggono l' eutanasia di queste creature.Preoccupiamoci,gli idioti hanno votato #eutanasia"|
|Red|,|#BioTestamento 2016 Eutanasia in Olanda. \xc8 questo che Emma Bonino vuole per l\u2019Italia (e per le donne)? http://www. tempi.it/eutanasia-emma -bonino-vuole-italia-donne#.WjO_yVXib3g \u2026 pic.twitter.com/5ri3JDiCOi'|
|Blue|,|'#Biotestamento , @BeaLorenzin : non \xe8 #eutanasia , manteniamo distinte le due cose https:// twitter.com/RedattoreSocia l/status/941325096152682497 \u2026'|
|Blue|,|"La chiesa non boccia il #biotestamento appena diventato legge, ma teme sia un primo passo verso l' #eutanasia ... https:// fb.me/CDrPthlw"|
|Red|,|'Emma #Bonino : promotrice di #divorzio , #matrimonio omosex, #aborto (che ha praticato con pompa per bici), #eutanasia , legalizzazione #droghe . Accolta da #PapaFrancesco e leader del mondo come paladina degli ultimi, candidata alla Presidenza della Rep. Qui in una foto del 1944. pic.twitter.com/aoDjnQSwbp'|
|Red|,|"Cosa vi aspettate da una velina promossa parlamentare dal puttaniere #Berlusconi ? almeno non facesse la moralista. @EGardini , eutanasia segnica togliersi la vita, #dat e #biotestamento rifiutare l' #accanimentoterapeutico come #idratazione e #alimentazione forzate"|
|Blue|,|Sul #biotestamento o, meglio, sull'autodeterminazione del malato. Una legge assolutamente positiva, che ha assai poco a che fare con l' #eutanasia . https:// edodalfonso.wordpress.com/2017/12/15/mal ato-cura-te-stesso/ \u2026"|
|Red|,|'#allroundpics #Aborto #Divorzio #DAT #Eutanasia #Uteroinaffitto #FakeNews #PD pic.twitter.com/gllkKmszQw'|
|Red|,|"Il #Biotestamento \xe8 #legge , @Gianluigi_Gigli ( @MPVItalia ): introdotta l' #eutanasia omissiva http:// bit.ly/2CaDY58 pic.twitter.com/BYLhq6wn04"|
|Red|,|Non \xe8 #eutanasia ? Certamente non ancora quella attiva ma quella omissiva ora \xe8 lecita. Le suore Misericordine, oggi, dovrebbero essere loro a staccare idratazione e nutrizione ad Eluana senza nessuna possibilit\xe0 legale di dire di no. #biotestamento #DAT'|
|Blue|,|'#BioTestamento , Marazziti: \u201cE\u2019 una legge che umanizza il morire\u201d Presidente della Commissione Affari Sociali della Camera al Tg2000: \u201cLegge da cui partire, lascia fuori eutanasia e suicidio assistito\u201d @NewsTv2000 @TV2000it @mariomarazziti https://www. tv2000.it/ufficiostampa/ 2017/12/15/biotestamento-marazziti-e-una-legge-che-umanizza-il-morire/ \u2026 pic.twitter.com/7zHpvB44Ok'|
|Red|,|ul #Biotestamento \xe8 approvata una legge sul fine vita, priva della necessaria chiarezza normativa necessaria a scongiurare abbandoni terapeutici. Il rischio reale \xe8 trovarsi di fronte a forme di eutanasia mascherata. Spero di sbagliarmi @L_Cesa'|
|Red|,|'Che differenze ci sono tra eutanasia , suicidio assistito e testamento biologico https://www. tpi.it/2017/02/27/eut anasia-suicidio-assistito-testamento-biologico-differenze/ \u2026 #biotestamento')|
|Red|,|"#BioTestamento #Eutanasia quanto capirete che per l'\xe8lite mondialista siete un peso, un costo, un intralciano biologico non sopportabile per il sistema e un vostro parente rimbambito firmer\xe0 per la vostra soppressione legalizzata sar\xe0 troppo tardi... pic.twitter.com/qTNhr4iTAJ"|
|Blue|,|'Mina #Welby sull\u2019approvazione della legge sul #biotestamento , le cure palliative, e il capitolo #eutanasia . \u201cAbbiamo ancora molto da fare\u201d. @florkronbichler http:// goo.gl/kcq8PX'|
|Blue|,|"S'accabbadora andava in punta di piedi, quasi avesse compiuto una missione, i familiari del malato le esprimevano profonda gratitudine... Ancestrale legge non scritta dell' eutanasia in Sardegna.. #biotestamento pic.twitter.com/TzywMFAd21"|
|Blue|,|"Non ci pu\xf2 essere obiezione di coscienza perch\xe9 non ci pu\xf2 essere cura senza consenso. Quindi non posso fare procedure contro l'espressa volont\xe0 di un individuo. Questo non \xe8 eutanasia . Attenzione. E molto diverso. #biotestamento"|
|Red|,|"#EutanasiaLegale : Laddove l'umanit\xe0 \xe8 resa disponibile e sacrificabile per qualche principio, vi \xe8 sempre un prologo per il #crimine e la tirannia legalizzata. #HumanRights Vs #eutanasia"|
|Red|,|'#Biotestamento : #Pasini #Udc , legge sul fine vita, nasce senza la chiarezza normativa necessaria a scongiurare forzature e con un potenziale dirompente in grado di generare abbandoni terapeutici e forse persino incapace di evitare derive verso eutanasia http://www. udc-italia.it/biotestamento- pasini-udc-al-medico-si-sostituira-il-magistrato/ \u2026'|
|Red|,|'#Biotestamento #Dat #eutanasia Padre Virginio Bebber, presidente dell\'Associazione religiosa degli istituti socio-sanitari (Aris): "Non eseguiremo sentenze di morte" @San_Camillo https://www. interris.it/sociale/ospeda li-cattolici-pronti-alla-resistenza \u2026'|
|Red|,|"In un momento storico di vitale importanza per l'Italia, il #governo #PD si preoccupa di come dobbiamo #morire , spalancando la porta a #EUTANASIA . Un'eredit\xe0 niente male per i nostri figli.Che triste fine per un popolo che ha insegnato al mondo."|
|Red|,|'Le prime de @LaVeritaWeb (col direttore @BelpietroTweet sempre sul pezzo) e @ilmanifesto #BioTestamento #EutanasiaLegale #eutanasia #Boschi #Vegas #BancaEtruria #tituli pic.twitter.com/QJJN78TZ7D'|
|Red|,|'The latest Giorno per Giorno! https:// paper.li/f-1473969939?e dition_id=c9850fe0-e155-11e7-94ca-002590a5ba2d \u2026 #eutanasia'|
|Blue|,|'#Eutanasia #Legale ? hai scelto tu di #nascere ? La #vita #appartiene a #noi ? Quando la #vita \xe8 #dignitosa ? chi lo decide?'|
|Blue|,|'#Giovanardi \xe8 contro la cannabis. Giovanardi \xe8 contro l\u2019 eutanasia . Giovanardi \xe8 contro il #biotestamento Giovanardi \xe8 contro lo #IusSoli Giovanardi \xe8 contro le unioni civili. Giovanardi \xe8 contro i matrimoni egualitari. Giovanardi \xe8 contronatura.'|
|Blue|,|"#Muistiaktiivit , sairastuneiden + l\xe4heisten ty\xf6ryhm\xe4, ottaa kantaa #palliatiivinenhoito , #saattohoito , #eutanasia . #Kuolema 'an liittyy pelkoja joita lievent\xe4\xe4 tieto siit\xe4 ett\xe4 el\xe4m\xe4n loppuvaiheiseen voi vaikuttaa ja hoito on hyv\xe4\xe4: http:// bit.ly/2zdXZZL . #hyv\xe4el\xe4m\xe4 #hyv\xe4kuolema"|
|Blue|,|'http://www. ilgiornaleditalia.org/news/politica/ 893365/Eutanasia-di-uno-Stato.html \u2026 Biotestamento? No, eutanasia . Di uno Stato #BioTestamento #eutanasia @Giornaleditalia'|
|Red|,|'https:// books.google.it/books/about/E_ adesso_vado_al_Max_Massimiliano_Tresol.html?id=t117CgAAQBAJ&redir_esc=y&hl=it \u2026 . @matteorenzi leggi per favore questo libro e poi riparliamo di #BioTestamento #eutanasia #vittoriaculturale #progresso #ciconto'|
|Red|,|'#radicali ; #finevita ; #biotestamento . A furia di spezzare i legami - matrimonio/aborto/ eutanasia - i radicali culturalmente hanno introdotto: paura del sacrificio, frammentazione sociale, legami instabili, egoismi, disgregazione, uso della libert\xe0 a proprio comodo. Cultura morta!'|
|Blue|,|'Si chiama BioTESTAMENTO. Del MIO fine vita faccio quello che voglio. E non \xe8 eutanasia . Ci vorranno ancora degli anni ma arriver\xe0 anche quella. Mettetevi il cuore in pace #biotestamento'|
|Red|,|'#DAT #chiesacattolica #chiesa Eutanasia del logos, da cui ogni eutanasia https://www. ilcattolico.it/rassegna-stamp a-cattolica/il-punto/eutanasia-del-logos.html \u2026 pic.twitter.com/GzEWOxN45G'|
|Red|,|'Jose Ocampos e padre Aldo Trento ci parlano della vita degna di essere vissuta https:// costanzamiriano.com/2017/12/14/jos e-ocampos-e-padre-aldo-trento-ci-parlano-della-vita-degna-di-essere-vissuta/ \u2026 #finevita #biotestamento #eutanasia'|
|Blue|,|"Non date adito a speculazioni, la legge sul #BioTestamento *non* riguarda l' eutanasia ."|
|Red|,|"Buongiorno, ecco #LaVerit\xe0dioggi ANDATE A MORIRE AMMAZZATI IN PACE L' #eutanasia \xe8 legge. Il vero nodo \xe8 economico: accudire i malati costa caro, sopprimerli invece no E poi le bugie della #Boschi su #Etruria , le #fakenews sulla Russia, il flop di #FICO http:// edicola.laverita.info pic.twitter.com/bSFyHkrtdV"|
|Red|,|"#MarcoCappato :\xabGrazie ai parlamentari. Ora legalizziamo l' #eutanasia \xbb Questo Paese ha bisogno di pi\xf9 #Cappato . #BioTestamento Oggi su @ilmanifesto pic.twitter.com/dNTgeOEO5c"|
|Blue|,|'Il principio della propriet\xe0 del proprio corpo non pu\xf2 essere messo in dubbio. Sono favorevole anche all\u2019 #eutanasia . @vfeltri @Libero_official #biotestamento #radioanchio'|
|Red|,|Questo \xe8 proprio quanto sta succedendo in #UK : la "qualit\xe0 della vita" la decide non pi\xf9 il paziente ma i medici. \xc8 il passaggio successivo verso l\' #eutanasia di Stato che parte dall\'accettazione che dare la morte sia una opzione di cura con #BioTestamento e #Dat #lifeforIsaiah https:// twitter.com/nozze89/status /941417321154994178 \u2026'|
|Red|,|Biotestamento purtroppo \xe8 legge. Non serviva una legge per farsi uccidere. Questa legge \xe8 l'anticamera dell' eutanasia . #Svegliatevicristiani La democrazia italiana \xe8 stata picconata, purtroppo, da coloro che l'avrebbero dovuta difendere."|
|Red|,|"#Biotestamento : si va verso l' eutanasia ? Oggi ore 8.10 se ne #discute nella #RassegnaStampa di #RadioVaticanaItalia con #MassimoGandolfini @ManifPourTousIt LineaAperta #whatsapp 335 12 43 722 pic.twitter.com/JZOtNMx19K"|
|Red|,|'#Legislatura tetra che si conclude con #legge #promorte #abbandonoterapeutico #disabili #eutanasia #biotestamento https://www. avvenire.it/attualita/pagi ne/biotestamento-cosa-prevede-la-nuova-legge \u2026'|
|Blue|,|'#biotestamento #eutanasia #parlamento finalmente un #attodiresponsabilit\xe0 e civilt\xe0! Approvata al #senato la... https:// fb.me/BT619Xpv'|
|Blue|,|'Comunque l\xe0 si pensi MENZIONE e ONORE ai #radicali ,con le loro lotte la loro abnegazione,continuano a mettere mattoncini per rendere questo paese pi\xf9 civile #aborto #divorzio #eutanasia'|
|Blue|,|"Finalmente il #biotestamento \xe8 legge: una norma di civilt\xe0 finalmente anche in Italia. Cosa significa, perch\xe9 #eutanasia non c'entra e le reazioni della politica http:// larep.it/2o6fV5a"|
|Blue|,|'#Biotestamento : l\u2019Italia approva una legge timida timida #SCIASCIANAMENTE di @VaVecellio #TestamentoBiologico #Eutanasia https://www. lavocedinewyork.com/news/primo-pia no/2017/12/14/biotestamento-litalia-approva-una-legge-timida-timida/ \u2026 via @lavocedinewyork'|
|Red|,|"Il #BioTestamento \xe9 l'anticamera dell' eutanasia ed un passo #AVANTI verso l'eugenetica himmleriana. Infine le teorie di #Malthus e #Darwin hanno trovato applicazione pratica anche nel XXI secolo. Il problema della sovrapopolazione sar\xe0 superato nei termini in cui Essi decideranno"|
|Red|,|"Forza Italia, Lega e altri partiti di dx vorrebbero cancellare persino il #biotestamento , in Italia non ci sar\xe0 mai l' eutanasia almeno che il PD non vinca le elezioni con un plebiscito."|
|Blue|,|'Sar\xe0 anche "sacra" (???), ma NON \xc8 LA TUA VITA N\xc9 DELLO STATO N\xc9 DELLA CHIESA Della MIA vita decido IO Si chiama #libert\xe0 \xc8 proprio la parola "libert\xe0" che va in culo ai cattolici Vi piace soffrire? Sentitevi pure liberi di farlo #eutanasia #BioTestamento #credini https:// twitter.com/djaniceto/stat us/938819670769127425 \u2026'|
|Blue|,|'basta con l\u2019egoismo mascherato da ignoranza e ipocrisia! #BioTestamento #Cappato #eutanasia #DjFabo https:// twitter.com/djaniceto/stat us/938819670769127425 \u2026'|
|Red|,|'I malati vanno aiutati! sono d\u2019accordo, cercasi psichiatra per DJ Aceto! #BioTestamento #DjFabo #eutanasia #Cappato https:// twitter.com/djaniceto/stat us/938819670769127425 \u2026'|
|Blue|,|"Non volete l' eutanasia ? Non fatela, ma non impeditela agli altri @marcocappato #BioTestamento #LiberiFinoAllaFine"|
|Blue|,|'La civile lotta di #beppinoenglaro non la dimenticher\xf2 mai. Un esempio di etica della responsabilit\xe0 commovente. Speriamo che un giorno ciascuno possa finalmente scegliere liberamente per s\xe9. #biotestamento #eutanasia #eticacivile'|
|Blue|,|"#BioTestamento #eutanasia #cannabislegale Non riuscir\xf2 mai a capire perch\xe9 lo Stato (e/o per il suo tramite la Chiesa Cattolica) dovrebbe decidere della mia vita, cosa mi fumo etc. etc. Fa rabbia Tanta Mi fa sentire come uno schiavo. Uno Stato Democratico e civile \xe8 un'altra cosa"|
|Red|,|'In Italia passa #eutanasia mascherata da #dat ...in UK dopo #CharlieGard ecco #Alfie condannato a morte perch\xe9 "medici che hanno scritto alla Corte "che la sua vita \xe8 inutile"" http://www. lanuovabq.it/it/i-medici-vo gliono-uccidere-alfie-la-sua-vita-non-ha-senso \u2026'|
|Blue|,|'Dopo aver distrutto la #sanit\xe0 e precarizzato la salute degli Italiani viaggiano uniti verso #eutanasia (omicidio legalizzato); #Pd e #M5s compatti verso la legge #biotestamento @carmentpf @sarabattaglia_7 @ManuelaBattiat1 @VisionaryElvish @TerryEmpyre @iosonokarma @lucet_sol pic.twitter.com/N4ruKwAm1T'|
|Red|,|"La civilta' occidentale non riconosce il diritto di nascere #Aborto #abortolegal ... ma riconosce il diritto a morire #Eutanasia . Siamo sicuri che il #Medioevo non sia oggi?"|
|Red|,|"Adesso il primo che condanna #Hitler sulla pratica dell' eutanasia non solo dimostra di essere ipocrita, ma accetta automaticamente ci\xf2 che ha fatto. #BioTestamento #DAT #Eutanasia"|
|Red|,|"Il @SenatoStampa ha finito di votare tutti gli emendamenti alla legge. Domani dichiarazioni di voto e voto finale sul complesso della legge! Inizia l'era delle uccisioni di massa! #BioTestamento #Eutanasia #DAT"|
|Red|,|'Diremo sempre NO alla morte di Stato ! #JusMortis #BioTestamento #eutanasia'|
|Red|,|#finevita il #Senato sta per varare una legge obbrobriosa scritta con i piedi, che apre all\u2019 eutanasia , chi la vota fa un atto assurdo'|
|Blue|,|'Ci avevano detto che Eluana Englaro non avrebbe sofferto... Ma la verit\xe0 sulla sua morte \xe8 molto diversa. #Eutanasia #EluanaEnglaro #testimonianze https:// twitter.com/SerenellaVerd/ status/940997015353294848 \u2026'|
|Blue|,|'#EUTANASIA DI #ELUANA #ENGLARO . SVELATO IL REFERTO DEL CONSULENTE DEL TRIBUNALE DI UDINE: ELUANA FU LASCIATA MORIRE TRA STRAZIANTI SOFFERENZE http://www. sostenitori.info/eutanasia-elua na-englaro-svelato-referto-del-consulente-del-tribunale-udine-eluana-fu-lasciata-morire-strazianti-sofferenze/277465 \u2026 via @sostenitori1'|
|Blue|,|Prima di parlare, date un'occchiata a cosa cambia http://www. repubblica.it/economia/dirit ti-e-consumi/famiglia/2017/12/12/news/arriva_al_senato_per_l_approvazione_il_tanto_discusso_disegno_di_legge_su_testamento_biologico_-183771119/ \u2026 #biotestamento #LiberiFinoAllaFine #eutanasia #senato #Dat"|
|Blue|,|'Chi ha aiutato "Dj Fabo" a smettere di soffrire, in un paese civile, meriterebbe una medaglia, non un processo... ancora un plauso a @marcocappato attendendo, se non il diritto all\' #eutanasia almeno il #biotestamento'|
|Blue|,|"L' eutanasia non \xe8 per chiunque sta male.. solo chi ha come unica scelta una fine dolorosa come #welby o #DjFabo .. chi pu\xf2 essere davvero curato non la sceglierebbe mai! Vada a visitare qualche malato di sla cos\xec capisce."|
|Blue|,|"A me della sentenza @marcocappato non me ne frega , pura ipocrisa , ditemi perche' Franca Sozzani pu\xf2 farsi praticare l' eutanasia in silenzio nella sua casa di Portofino ed un poveraccio invece finire sui giornali e processati i familiari. #DJFabo"|
|Blue|,|"Tutti quelli contrari all\' #eutanasia ". Si parla di eutanasia .'|
|Blue|,|"\u201cIl parlamento per due anni ha ignorato l'iniziativa popolare di avere una legge sull' eutanasia legale, andando contro quello che prevede la Costituzione\u201d dice in aula a Milano @marcocappato , imputato per la morte di Fabiano Antoniani. #djfabo @ass_coscioni pic.twitter.com/YnKrsXc5xx"|
|Red|,|'Da leggere. Per capire che si scherza con il fuoco. #eutanasia http:// lanuovabq.it/it/i-medici-vo gliono-uccidere-alfie-la-sua-vita-non-ha-senso \u2026'|
|Red|,|'\xabl\u2019ospedale ha scelto come mediatore un attivista membro di una organizzazione pro #eutanasia , in sfregio alla legge che chiede che il mediatore sia una figura imparziale scelta in accordo dalle parti.\xbb'|
|Blue|,|"l' #eutanasia c'\xe8 ed \xe8 largamente praticata dai medici, come accadeva per l'aborto, in maniera illegale e senza una controprova delle volont\xe0 del paziente. La legge l'assimila all' art 575 cp, omicidio volontario, minimo 21 anni. @eutanasialegale @ass_coscioni #testamentobiologico https:// twitter.com/SimoneAlliva/s tatus/940927960353255424 \u2026"|
|Blue|,|'Eutanasia non si pu\xf2 dire, non sta bene. Diciamo #biotestamento . Eppure l\u2019 eutanasia , in Italia, esiste gi\xe0. Lo sanno i medici e i pazienti, le famiglie a cui \xe8 toccato e tocca il dolore di star vicino a chi se ne sta andando o se ne \xe8 andato gi\xe0 ma non pu\xf2 morire davvero. pic.twitter.com/52n46HxwRk'|
|Red|,|I #senatori e i #ministri che si dicono cristiani leggano e fermino la legge su #finevita #Eutanasia @BeaLorenzin https:// twitter.com/Pontifex_it/st atus/940921746806530049 \u2026'|
|Red|,|'SI SCRIVE #BIOTESTAMENTO , ma si legge #EUTANASIA ... #NOALLEUTANASIA #CRIMINALI #ASSASSINI pic.twitter.com/YLJrBdq020'|
|Red|,|'HEIL HITLER! (SARCASTICO) #DAT #BioTestamento #NOALBIOTESTAMENTO #Eutanasia pic.twitter.com/kAu4rwmc21'|
|Red|,|E' pi\xf9 che palese il volere l' eutanasia libera! COLORO CHE VOTANO 5 STELLE E SINISTRA, SI RENDERANNO COMPLICI DELL'UCCISIONE DI PERSONE E SOPRATUTTO DI BAMBINI GRAVEMENTE MALATI! CON QUESTA LEGGE INOLTRE SI GIUSTIFICA HITLER CHE OPERAVA A SUO TEMPO QUESTA PRATICA! #BioTestamento pic.twitter.com/uLbqwa6aWf"|
|Red|,|"Gli emendamenti presentati dalla #Lega , #FratellidItalia e parte di #ForzaItalia al #BioTestamento pi\xf9 che validi perch\xe8 vanno a vietare l' eutanasia che questo disegno di legge convalida, vengono bocciati senza se e senza ma, nonostante i firmatari li spiegano abbastanza chiaro.. pic.twitter.com/CBkWPt5EGB"|
|Red|,|"La maggioranza e parte dell'opposizione (mi riferisco in particolare ai 5 stelle oltre alla sinistra scissionista), legiferano senza cervello e in maniera ideologica! #DAT #BioTestamento #NoalBiotestamento #Eutanasia pic.twitter.com/jWv8bfE4B9"|
|Blue|,|"L' #Italia \xe8 quel paese di merda che, se provi a dare dignit\xe0 ad un uomo rischi 12 anni di carcere, se gliela togli non rischi nulla. Riposa in pace #DjFabo Dateci l' #eutanasia Grazie @redazioneiene"|
|Blue|,|"#biotestamento porta aperta per l' #eutanasia con #MassimoGandolfini @ManifPourTousIt , aiutare i #Rohingya come chiede #PapaFrancesco con un progetto di @SaveChildrenIT con #FilippoUngaro nella #rassegnastampa di oggi di #RadioVaticanaItalia http:// media01.vatiradio.va/podcast/feed/e dicola_131217.mp3 \u2026 \u2026 pic.twitter.com/gfX2VO5KeV"|
|Red|,|', u'@laVitaCattolica - #Eutanasia passiva. Sdoganata. #Biotestamento in Senato. Il voto, probabilmente, entro la settimana. Nostra intervista con l\u2019on. @Gianluigi_Gigli http:// bit.ly/2nV9QbH pic.twitter.com/FYPjD0IHDO'|
|Blue|,|'solita confusione su #biotestamento ed eutanasia . vabb\xe8 il popolo abbocca sempre a tutto, pazienza.'|
|Red|,|'Da leggere per capire cosa vogliono approvare in Italia #Biotestamento #Dat #Eutanasia https:// twitter.com/cslivatino/sta tus/940267758394200064 \u2026'|
|Red|,|'Il #biotestamento non deve aprire la strada all\u2019 eutanasia passiva. Sospendere #nutrizione e #idratazione sarebbe grave e irrispettoso del valore della vita, sempre.'|
|Red|,|'Lo chiamano biotestamento, ma si trasformer\xe0 in crudele eutanasia #BioTestamento pic.twitter.com/TZQwelQBGK'|
|Red|,|"Paesi Bassi: gli psichiatri denunciano l' eutanasia per disturbi mentali. [Si vuole realmente questo?cosa sar\xe0 di chi ha disturbi di autismo?Dove ci porter\xe0 l\u2019 #eutanasia ?] #eutanasia #BioTestamento https://www. alliancevita.org/2017/12/pays-b as-psychiatres-denoncent-euthanasies-troubles-mentaux/ \u2026"|
|Blue|,|'dove sono i CattoTalebani??? #DjFabo #eutanasia #leiene #iosto'|
|Blue|,|"Io sono totalmente PRO all' eutanasia , dopo aver visto il servizio delle #iene posso solo ribadire che la morte \xe8 un diritto, proprio come la vita. #leiene #djfabo #eutanasia #pro"|
|Blue|,|"Tutti quelli contrari all' #eutanasia dovrebbero passare una settimana come #DJFabo cos\xec poi forse daranno la libert\xe0 a chiunque di scegliere come morire. #LeIene"|
|Blue|,|'Come si pu\xf2 negare ad un uomo di disporre liberamente della propria vita? La morte \xe8 solo una fase della vita in fondo @Quirinale @Palazzo_Chigi @PaoloGentiloni @matteorenzi @lauraboldrini @PietroGrasso @BeaLorenzin #djfabo #LeIene #testamentobiologico #eutanasia #libert\xe0'|
|Blue|,|"Pienamente a favore dell' eutanasia in casi come questo. PIENAMENTE D'ACCORDO. #leiene #fabo"|
|Red|,|#Biotestamento : @AntonioDePoli ,mi auguro che ai #cattodem del #Pd la notte porti consiglio, @UdcIta chiede obiezione di coscienza e stralcio del passaggio in cui #nutrizione e #idratazione vengono assimilati a trattamenti sanitari. No a #eutanasia passiva http://www. udc-italia.it/biotestamento- de-poli-a-cattodem-pd-mi-auguro-notte-porti-consiglio/ \u2026'|
|Red|,|'Mi auguro che ai #cattodem del #Pd la notte porti consiglio sul #biotestamento . @UdcIta chiede obiezione di coscienza e stralcio del passaggio in cui #nutrizione e #idratazione vengono assimilati a trattamenti sanitari. No a #eutanasia passiva #Senato http:// antoniodepoli.it/index.php/biot estamento-de-poli-udc-cattodem-pd-mi-auguro-notte-porti-consiglio/ \u2026 pic.twitter.com/Qa91OMCHS4'|
|Red|,|'Una testimonianza che lascia il segno: il malato ha bisogno di cure e affetti, non di sentirsi abbandonato dallo Stato #BioTestamento #Dat #Eutanasia https://www. interris.it/sociale/ero-in -coma-e-volevo-vivere--oggi-dico-no-alla-legge \u2026'|
|Red|,|i cattolici in politica non hanno pi\xf9 alibi! #BioTestamento #eutanasia http:// it.radiovaticana.va/news/2017/12/1 1/bassetti_per_francesco_e_la_cei_imperativo_non_abbandonare_/1354238 \u2026'|
|Red|,|'1) QU\xc9 ES morir bien 2) Evaluar calidad del morir (Observatorio de la Muerte Digna) 3) Actuar: informaci\xf3n, derechos, recursos... Sin la opci\xf3n de decidir HASTA CU\xc1NDO vivir ( #eutanasia ) la palabra RESPETO seguir\xe1 vac\xeda de contenido https:// saludesfera.com/2017/12/12/mor ir-en-casa-entre-el-tabu-y-la-falta-de-recursos/ \u2026'|
|Red|,|'Vedete prima o poi arriver\xe0 ci\xf2 che disse economista francese Jaques Aladi! Quando non ci sar\xe0 pi\xf9 copertura economica anziani #EUTANASIA !'|
|Red|,|La testimonianza di Sara Virgilio: "Lo Stato non promuova la cultura della morte" #Dat #Biotestamento #Eutanasia https://www. interris.it/sociale/ero-in -coma-e-volevo-vivere--oggi-dico-no-alla-legge \u2026'|
|Red|,|"#eutanasia Il rischio c\u2019\xe8 e si vede! Il presidente della Cei a Radio Vaticana: le cure siano proporzionali e non diano luogo alla cultura dello scarto. Garantire l'obiezione di coscienza ai medici e agli ospedali cattolici."|
|Red|,|Sono pronti ad approvare una legge che faccia morire di fame e di sete la persona umana #eutanasia #BioTestamento https://www. avvenire.it/chiesa/pagine/ monsignor-bassetti-cei-fine-vita \u2026'|
|Red|,|"FIRMA! #StopEutanasia @CitizenGOit @PaoloGentiloni @matteorenzi @beppe_grillo @SenatoriPD @M5S_Senato http://www. citizengo.org/it/lf/41081-st op-eutanasia-italia?tc=tw \u2026 #NoDat #suicidioassistito . Si scrive #testamentobiologico si legge #Eutanasia . Raccolta firme l'allegato."|
|Blue|,|"Non perdetevi domani l'intervista a @marcocappato sul nostro sito. Si parler\xe0 di #BioTestamento ed #Eutanasia , in vista della terza udienza del processo a suo carico (mercoled\xec) e alla votazione in Senato sulla legge per il testamento biologico #ConCappato #DjFabo"|
|Red|,|#Eutanasia . Le persone affette da una malattia psichiatrica rappresentano il 19 per cento dei pazienti morti per eutanasia in Belgio. http://www. vincenzomaddaloni.it/ita/2017/12/ne l-belpaese-non-si-puo-decidere-di-morire-in-pace/ \u2026 #Italia #Biotestamento #DAT pic.twitter.com/IyZVYgyQ2k'|
|Blue|,|'La maggioranza degli Italiani di ogni area politica \xe8 favorevole all\u2019 #Eutanasia Oggi ancora pi\xf9 di tre anni fa, ritengo invotabile chiunque si arroghi il diritto di decidere sulla mia vita immedesimandosi in autoritarie divinit\xe0 terrene @noiperparisi https:// youtu.be/gCfM2mEVQ8g'|
|Red|,|"LA LEGGE SULLE DAT SIGNIFICHEREBBE L' #EUTANASIA PER IL PAZIENTE E PER IL MEDICO https://www. facebook.com/groups/megafon opdf/permalink/1556893727732704/ \u2026 pic.twitter.com/WTKIquou08"|
|Blue|,|'#Eutanasia @vfeltri La penso come lei,ma la frase della mamma di #DjFabo titubante"Gli ho detto vai e lui \xe8 andato"fa pensare. #istigazione ?'|
|Red|,|Il #PD , i disabili, li stermina! Con l'inganno della libert\xe0 e della #autodeterminazione , fra #aborto ed #eutanasia , li elimina!"|
|Red|,|'Il #ComitatoDNF sostiene la raccolta firme di @CitizenGOit contro le #DAT : http:// citizengo.org/it/lf/41081-st op-eutanasia-italia?tc=tw&tcid=43773211 \u2026 "NO a #SuicidioAssistito ed #eutanasia omissiva nelle strutture del SSN. SI a tener nel giusto conto le volont\xe0 del paziente, garantendogli sempre il miglior accompagnamento"'|
|Red|,|'Dibattito sul fine vita. Nella cura il vero criterio \xe8 la giusta proporzione #eutanasia https:// buff.ly/2nKmxGe pic.twitter.com/VjTs9Yg87x'|
|Blue|,|'#Fabo #eutanasia il confine tra il #dolore #libertadiscelta #vita #sacralita Il dolore atroce di una madre. https:// twitter.com/grigio2/status /939188232297820160 \u2026'|
|Red|,|"per risolvere i problemi della produttivit\xe0, creati dai disabili, loro avevano in mente l' #eutanasia un #testamentobiologico falsificato, e via"|
|Red|,|A @vitaindiretta la voglia di vivere di Sandra mostra la realt\xe0 e la forza dei malati e di quanto sia fuori luogo la legge su #eutanasia e #Biotestamento'|
|Red|,|'Io, per quanto mi riguarda, facendo pro e contro mi sono reso conto che \xe8 preferibile morire. Ma non ho il coraggio di Suicidarmi. Quindi attendo che il mio fisico mi uccida, e non far\xf2 nulla per curarlo. #finevita #suicidio #eutanasia'|
|Red|,|'Bravo Matteo, ricordati che il progresso e la scienza va usato per il bene e il rispetto della persona umana. No #aborto #eutanasia #stopgender'|
|Blue|,|Io #eutanasia non lo legalizzerei solo per i malati terminali, ma per tutti coloro ai quali per vari motivi non piace la vita. Perch\xe9 uno \xe8 costretto a vivere se non vuole? Perch\xe9 deve suicidarsi soffrendo? Se non siete d'accordo non inneggiate mai pi\xf9 a nessun tipo di libert\xe0"|
|Red|,|u"#finevita , #biotestamento , eutanasia : una riflessione protestante, l'intervista al Prof. Luca Savarino della Commissione Bioetica delle chiese battiste metodiste e valdesi http:// riforma.it/it/articolo/20 17/05/17/eutanasia-una-riflessione-protestante \u2026 su @Riforma_it"|
|Red|,|'FINE VITA - La preziosa battaglia del Comitato Difendiamo i nostri figli https:// ilbenevincera.wordpress.com/2017/12/07/fin e-vita-la-preziosa-battaglia-del-comitato-difendiamo-i-nostri-figli/ \u2026 #cei #finevita #biotestamento #eutanasia #papa #suicidio #dat'|
|Red|,|'in fondo #Genitore #A e #Genitore #B ; #adozione #bambine e #bambini ai #gay , #lesbiche , #transgender ; #eutanasia ; #dignit\xe0 della #persona #umana ; indisponibilit\xe0 della #vita ; #libert\xe0 #religiosa e #libert\xe0 #educativa ; la #famiglia fondata sul #matrimonio fra un #uomo e una #donna https:// twitter.com/AurelioManfred i/status/938751611534442496 \u2026'|
|Red|,|#BioTestamento il mio articolo per http:// ordinefuturo.net Pu\xf2 uno Stato togliere acqua e pane ai propri cittadini uccidendoli per mezzo di quella che \xe8, senza dubbio, eutanasia passiva? Il Parlamento italiano sta facendo proprio questo http:// ordinefuturo.net/2017/12/07/per che-no-al-biotestamento-per-una-scelta-di-civilta-e-che-diamine/ \u2026 pic.twitter.com/Nj9G0chqTc'|
|Red|,|'Col DDL #biotestamento i nemici della vita vogliono che l\u2019Italia si inabissi nello stesso tunnel di morte di #Olanda e #Belgio . L\u2019 #eutanasia passiva legalizzata sarebbe l\u2019abdicazione definitiva dello Stato all\u2019incivilt\xe0. http:// ordinefuturo.net/2017/12/07/per che-no-al-biotestamento-per-una-scelta-di-civilta-e-che-diamine/ \u2026'|
|Blue|,|"Ma perch\xe9 poi divide cos\xec tanto? Molti confondono l' #eutanasia con il #biotestamento . Perch\xe9 non lasciare che ognuno decida della propria vita? Con questa legge il medico \xe8 esente da responsabilit\xe0 se rispetta la volont\xe0 del paziente. #fatepresto #LiberiFinoAllaFine https:// twitter.com/Legal_Breakfas t/status/938692787184259072 \u2026"|
|Blue|,|Ma chi ca**o sono Quagliariello, Adinolfi, il papa, per decidere della mia vita o della mia morte? Tenetevi il vostro dio ma non vi intromettete nel mio destino. #TestamentoBiologico #Omnibusla7 #agorarai #PapaFrancesco #eutanasia #djfabo pic.twitter.com/Vpys4r01xW'|
|Blue|,|'#biotestamento #eutanasia #accanimento Il confronto odierno tra il presidente di @Scienza_e_Vita prof. @AlbertoMGambino ed il prof. Mori. Audio http:// Rai.TV - La radio ne parla - LA RADIO NE PARLA del 06/12/2017 https:// shar.es/1MCYT2'|
|Red|,|'#DAT #biotestamento #Gandolfini #CDNF Aperta la via all\u2019 eutanasia passiva: in Italia si morir\xe0 di fame e di sete http://www. puntofamiglia.net/puntofamiglia/ 2017/12/06/aperta-la-via-alleutanasia-passiva-in-italia-si-morira-di-fame-e-di-sete/ \u2026 pic.twitter.com/yMAbZdwufy'|
|Red|,|'Vergogna #biotestamento , serve rivedere #DdL perch\xe8 dice si a #eutanasia passiva, consentendo sospensione idratazione/alimentazione e autodeterminazione assoluta a scapito del medico. @QuagliarielloG @MarcoTosatti @Avvenire_NEI @il_Timone @lanuovaBQ @Occidentale @fam_cristiana'|
|Red|,|"#Hitler per alleggerire le spese del sistema sanitario nazionale, operava lo sterminio sistematico di tutti i portatori di #handicap e dei #malatiterminali attraverso l' #eutanasia e per questo venne e viene condannato... #NoalBioTestamento #BioTestamento #Consensoinformato #DAT"|
|Red|,|"L'orientamento contrario di @forza_italia \xe8 un'impostazione di saggezza che proporremo in questo dibattito in difesa di ragioni profonde, di grande moralit\xe0 a sostegno della vita contro ogni accanimento e contro ogni deriva che apra all' eutanasia . #BioTestamento"|
|Red|,|'+++ #DAT +++ #Gandolfini / #FamilyDay "la legge disconosce completamente il giuramento di Ippocrate. In pratica sar\xe0 introdotta nell\u2019ordinamento italiano una forma dolorosa di #eutanasia passiva, ovvero la morte per fame e per sete" http://www. lanuovabq.it/it/biotestamen to-la-legge-che-trasforma-il-medico-in-boia \u2026 @lanuovaBQ @marcoguerra79'|
|Red|,|'Il diritto al suicidio e il cuore di mamma. Trenta righe fuori moda #AlessandroGnocchi #biotestamento #eutanasia https://www. riscossacristiana.it/trenta-righe-f uori-moda-rubrica-settimanale-di-alessandro-gnocchi-051217/ \u2026'|
|Blue|,|'Sarco, la macchina della morte che ti permette di uscire dall\u2019esistenza https:// buff.ly/2AfesPB #sarco #eutanasia #morte #suicidio #dirittodiscelta #finevita #voita #liberifinoallafine #svizera #testamentobiologico pic.twitter.com/DzO03WjMEn'|
|Red|,|'#Biotestamento , la legge che trasforma il medico in boia http://www. lanuovabq.it/it/biotestamen to-la-legge-che-trasforma-il-medico-in-boia#.Wie8rpOoRdI.twitter \u2026 #Eutanasia'|
|Red|,|'La legge sul #biotestamento apre all\u2019 eutanasia di Stato, toglie ruolo a medico e famiglia, limita i diritti del malato. Non la voteremo mai. Oggi il mio intervento in #Senato'|
|Blue|,|".Il solito articolo fazioso e menzognero di @repubblica ! Nel suo messaggio @Pontifex_it esclude chiaramente la liceit\xe0 dell' #Eutanasia e dunque di qualsiasi #DAT che possa consentirla! #StopDAT #StopEutanasia #StopFakeNews di Repubblica! pic.twitter.com/5yJPLFQ4D1"|
|Red|,|'Quante parole per ingannare ed edulcorare la realt\xe0... Ma oramai lo hanno capito tutti: biotestamento= eutanasia ! La cruda verit\xe0... #biotestamento'|
|Red|,|"#biotestamento Oggi ero presente alla conferenza stampa di @ManifPourTousIt con esperti di medicina e di diritto. Gli Italiani devono sapere che Pd, Sinistra, m5s e centristi di sinistra stanno introducendo l' eutanasia ! @UdcIta @giovaniudcita"|
|Red|,|'Ma dimmi tu se me lo deve dire #Alfano se e come devo schiattare. #eutanasia'|
|Red|,|"Se ti rendessi conto di quanto male -autentico male- ha fatto all'Italia la follia sessantottina! #biotestamento #aborto #eutanasia #morte #suicidio #divorzio #sodomia #comunismo #trans #omosessualit\xe0 #massoneria #dat #disperazione #nichilismo"|
|Blue|,|"Il cattofascismo dell' #UDC considera #eutanasia la sospensione o la non accettazione dell'alimentazione/idratazione forzata. Non \xe8 cos\xec: se sei a questo stadio sei gi\xe0 morto biologicamente Il #biotestamento deve dare il potere al malato di scegliere fino a che limite farsi curare https:// twitter.com/AntonioDePoli/ status/935519118563962881 \u2026"|
|Red|,|'#BioTestamento #PD e #M5S nemici su tutto, ma alleati per #eutanasia omissiva. Per sinistra diritti individuali prima di giustizia sociale'|
|Blue|,|"Definizione nutrizione e idratazione. Il fatto che non siano considerati trattamenti di cura della persona ma trattamenti sanitari \xe8 un metodo ipocrita per arrivare all' eutanasia . #opensenato #Biotestamento"|
|Red|,|Alfano, per gli amici "Lo Sveglione", dice forse al #Biotestamento basta che non sia eutanasia . E infatti \xe8 tutt\'altra cosa. https:// twitter.com/repubblica/sta tus/938069518865260544 \u2026'|
|Blue|,|Non riesce a versare una lacrima per i #migranti morti nel Mediterraneo, ma \xe8 contro #Biotestamento ed #Eutanasia , attenti cattolici ai vostri compagni di viaggio. #Salvini #Lega'|
|Blue|,|'In Senato contro il #BioTestamento intervengono solo gli alfaniani. Ora \xe8 il momento di @MaurizioSacconi che dice: "Questa legge \xe8 dedicata all\' eutanasia ". Poi parla di cibo ed acqua riferendosi a nutrizione e idratazione artificiali.'|
|Red|,|'#Biotestamento : @AntonioDePoli #Udc , no a eutanasia , da centrosinistra disperata ricerca bandierina elettorale http://www. udc-italia.it/biotestamento- de-poli-udc-no-a-eutanasia-da-centrosinistra-disperata-ricerca-bandierina-elettorale/ \u2026'|
|Red|,|#FineVita \u2013 #Gandolfini / #FamilyDay e parlamentari centro destra: "legge incoraggia disposizioni suicidarie di pazienti in stato non terminale" #DAT #BioTestamento #Eutanasia pic.twitter.com/MiJghXfLIH'|
|Red|,|"In un anno la legge sulle #unionicivili poi il #testamentobiologico usbergo all' #eutanasia . #Parlamentaricattolici e uomini di #Chiesa che tacete: pensate che #Dio alla fine della vostra vita non vi chieder\xe0 se avete avuto timore di Lui? http://www. repubblica.it/politica/2017/ 12/05/news/biotestamento_senato_aula_calendario-183103698/?ref=RHPPLF-BH-I0-C8-P1-S1.8-T1 \u2026"|
|Red|,|"C'\xe8 il divieto di #accanimentoterapeutico , inutile il #biotestamento . Volete l #eutanasia x ridurre costi in #sanit\xe0 http://www. repubblica.it/politica/2017/ 12/05/news/biotestamento_senato_aula_calendario-183103698/?ref=twhr&timestamp=1512483991000&utm_source=dlvr.it&utm_medium=twitter \u2026"|
|Red|,|'I POLITICI CATTOLICI CHE VOTANO A FAVORE DELLA EUTANASIA ABBIANO IL CORAGGIO DI USCIRE ALLO SCOPERTO. SEPOLCRI IMBIANCATI. #BioTestamento #suicidio #aborto #divorzio #droga #morte #radicali #comunisti #massoneria pic.twitter.com/6RVMBlOV26'|
|Blue|,|#finevita . Puoi decidere di non vivere piu in determinate condizioni critiche. Ma la morte dovr\xe0 avvenire per fame e sete. Altrimenti sarebbe #eutanasia .'|
|Red|,|"Dubbio.Ma se persino un suicida come #DjFabo titubava dull' #eutanasia (per rispetto della Madre):perch\xe9 fare una legge che automatizza tutto https:// twitter.com/matteo67/statu s/938020921784356864 \u2026"|
|Blue|,|"Ascoltare il processo a #Cappato x #Fabo \xe8 + utile di quanto si pensi e pu\xf3 creare dei dubbi sul s\xec all' eutanasia .Materia delicata. Occhio! https:// twitter.com/matteo67/statu s/938014751673774080 \u2026"|
|Red|,|Una volta sancito che vi \xe8 il diritto di togliersi la vita, la posizione di chi pretendere di limitarlo ai malati terminali diventa, come minimo, arbitraria. #DAT #eutanasia'|
|Red|,|'\u201cIn seno alle societ\xe0 democratiche, argomenti delicati come questi vanno affrontati con pacatezza: in modo serio e riflessivo, e ben disposti a trovare soluzioni \u2013 anche normative \u2013 il pi\xf9 possibile condivise" P. #BERGOGLIO al proposito di #EUTANASIA'|
|Red|,|'@matteorenzi @PaoloGentiloni @pdnetwork @M5S_Senato @Alternativa_Pop CALENDARIZZARE l\' #eutanasia - con l\'ipocrisia di SPACCIARLA sotto la formula del #biotestamento < per di pi\xf9 a #NATALE , \xe9 veramente degno di Erode... e per una manciata di "voti"... #Pisapia #Bonino pic.twitter.com/SglcoETAMI'|
|Red|,|"5 Stelle e Pd si sfidano sul #biotestamento , quasi fosse una gara a chi arriva prima. Noi non voteremo questa legge che lascia sole le persone nel momento in cui sono pi\xf9 deboli e apre le porte all' eutanasia ."|
|Red|,|"Legislazione sul #finevita \xe8 solo cavallo di Troia per #Eutanasia incontrollata, ma se proprio s'ha da fare, \xe8 doveroso ALMENO correggere le gravi storture segnalate da @Scienza_e_Vita #DAT https:// twitter.com/Scienza_e_Vita /status/936204067822501888 \u2026"|
|Red|,|"Stiamo aspettando che @matteorenzi decida appena scende dal treno. #BioTestamento ? Ne discuteremo, sono contrario solo all\' eutanasia : non mi piace la morte di Stato" @matteosalvinimi #agorarai pic.twitter.com/58GozMRbFq'|
|Red|,|'Per qs promuovono #eutanasia e #dat ... #costsaving https:// twitter.com/Avvenire_NEI/s tatus/936490231590727680 \u2026'|