|5Stelle|,|Vi ha insultato per 25 anni, non potete votarlo! #RegionaliSicilia #Sicilia5Stelle #VotaCancelleri #CancelleriPresidente https:// twitter.com/Debby1861/stat us/925294922625900544 \u2026'|
|Altri|,|Elezioni regionali in Sicilia : istruzioni per l'uso. Come e quando si vota (Filodiretto Monreale) http:// bit.ly/2zjmAgf pic.twitter.com/994o7Fq2yk|
|Altri|,|Regionali in Sicilia  chiamate alle urne 46 milioni di persone (Nuovo Sud) http:// bit.ly/2ziMDEn pic.twitter.com/pZWI4wk53A|
|5Stelle|,|Regionali  Casaleggio lancia la volata ai 5 stelle: “Ho trovato una Sicilia festosa sono scaramantico e non… http:// larep.it/2zdm0kE [a]|
|Altri|,|Elezioni regionali Sicilia  dal Ponte al bollo auto. Miliardi di sprechi e solo promesse ( http:// Quotidiano.net ) http:// bit.ly/2zjVC8k pic.twitter.com/Ab12ufsGrn|
|Altri|,|Regionali  tutti i candidati provincia per provincia (Giornale di Sicilia ) http:// bit.ly/2ziqciB pic.twitter.com/Hx59CKnTRf|
|Altri|,|Domenica si vota per le regionali in #Sicilia . 5 candidati in corsa: #Cancelleri  #Fava  #Micari  #Musumeci  #LaRosa http:// ow.ly/oHHw30glOO1 pic.twitter.com/sJsHC8pzi4|
|Altri|,|Lady secondo te chi vince le elezioni regionali in Sicilia ??|
|5Stelle|,|Sicilia  i deputati regionali del Movimento 5 Stelle restituiscono lo stipendio - Il Fatto Quotidiano http:// fb.me/7DU7YlfzM|
|Altri|,|Regionali Sicilia al rush finale. Renzi: 'Voto importante per futuro isola' - Politica - ANSA.it ANCORA CHE PARLA STO SOGGETTO!!! BASTAAAA!|
|5Stelle|,|Quando é troppo é troppo! #Salviniseiunbuffone #RegionaliSicilia #Salvini #Berlusconi #Meloni pic.twitter.com/FYXy3fxqaP|
|5Stelle|,|Oddio questi fanno paura. Ma halloween non é finito??? #politici #FI #regionali #Sicilia #berlusconi #propagandalive #la7|
|5Stelle|,|Chi ama la sua terra non può che votare il #M5S #Regionali #Sicilia pic.twitter.com/gv3CQWhCeI|
|5Stelle|,|Preferisco pagare le mie oneste tasse che tornare in un paese che rivota questo criminale #berlusconi #forzaitalia #regionali #sicilia https:// twitter.com/repubblica/sta tus/926148450986504192|
|5Stelle|,|#RegionaliSicilia #M5S disonesti perché incapaci Ecco i veri impresentabili @VittorioSgarbi @Musumeci_Staff @FratellidItaIia @forza_italia pic.twitter.com/Po26kF1HOz|
|ForzaItalia|,|#Salvini viaggio in Sicilia sui regionali : Lega senza Nord unifica, Bossi sbaglia #salvini #lega'|
|ForzaItalia|,|#Regionali : comincia il tour di #Salvini in #Sicilia|
|ForzaItalia|,|Intervista del #Corriere a Giula Mezza Salma candidata #Udc alle prossime elezioni regionali in #Sicilia |
|Altri|,|#Fava forum al Giornale di Sicilia : 'La mia scelta coerente, contro una accozzaglia di candidature' #regionali|
|ForzaItalia|,|Silvio #Berlusconi in campo per prossime elezioni regionali in #Sicilia : Meno tasse e burocrazia, più sicurezza|
|ForzaItalia|,|ECCO IL VOLTO DELLA SICILIA A 5STELLE Mogli, fidanzati e assistenti #M5S corrono per le Regionali . MAH....|
|ForzaItalia|,|#Alcamo , intervista a @Musumeci_Staff https:// youtu.be/1NyhX63zT38 via @YouTube #MusumeciPresidente #Regionali #Sicilia'|
|5Stelle|,|Elezioni #Sicilia , il governo #Renzi #Berlusconi: dopo le regionali pezzi del Pd pronti a sostenere Musumeci|
|5Stelle|,|#Regionali #Sicilia , #Micari :Abbiamo le liste migliori, terrorizzato all\u2019idea di un esecutivo di destra con #Salvini|
|5Stelle|,|In Sicilia 1 cittadino su 4 non sa che il 5/11 si vota per le regionali . Il tour #M5S #SceglieteIlFuturo va avanti|
|Altri|,|#Regionali in #Sicilia , @LaRosa : Puntiamo ad una zona economica speciale|
|5Stelle|,|Siamo alle battute finali di questa campagna elettorale. Con VOI possiamo cambiare le sorti e la storia della nostra amata Regione. Queste le tappe del tour del @Mov5Stelle che faremo in provincia di #Messina . #SceglieteilFuturo #RegionaliSicilia|
|Altri|,|#Regionali , #Berlusconi rinuncia alla sfida con #Grillo , ma in #Sicilia arriva #Renzi|
|5Stelle|,|Ripeto #diventerabellissima se ve ne andate in malora. #musumecimente #musumeci #RegionaliSicilia|
|ForzaItalia|,|#genovesejr che spiega come usare correttamente i fondi UE è la svolta credibile delle #RegionaliSicilia #genovese #forzaitalia #musumeci|
|5Stelle|,|#RegionaliSicilia , #Cancelleri ad un Forum all'ANSA: ' #Musumeci ammicca a sinistra? Fa ridere' #M5S|
|5Stelle|,|Votare #M5S è + #facile  + #semplice  + #trasparente . NO #ammucchiate . #RegionaliSicilia #CancelleriPresidente|
|5Stelle|,|Le prove generali del regime #Renzusconi del #governissimo le troviamo in #Sicilia alle elezioni #Regionali . Nonostante tutto #QuattroPolli|
|ForzaItalia|,|REGIONALI IN SICILIA , #CENTRODESTRA Scriveremo una pagina nuova e soprattutto vorremmo essere il governo di tutti|
|ForzaItalia|,|Siamo qui a #Palermo per vincere con @Musumeci_Staff , #M5s non hanno arte n\xe9 parte https:// youtu.be/SjhzpsmvGA0 #elezioni #regionali #Sicilia|
|Altri|,|#Berlusconi o #Grillo ? Dalla serie cacca solida o diarrea ...e la sinistra fa la sx. #RegionaliSicilia|
|5Stelle|,|Elezioni regionali Sicilia : a sostegno dell'ex missino #Musumeci spuntano persino i forconi. Non sar\xe0 un po' troppo largo 'sto centrodestra?|
|5Stelle|,|#Elezioni #RegionaliSicilia #SceglieteilFuturo con @GiancarloCanc #M5s Manca poco e i sondaggi farlocchi non riescono pi\xf9 a nasconderlo|
|Altri|,|Il #5novembre la #Sicilia al voto per le #Regionali . Il volantino della comunit\xe0 siciliana di #ComunionLiberazione|
|ForzaItalia|,|#Regionali #Sicilia , gaffe di #Figuccia sulle nozze di #Micari e i fiori funebri...|
|ForzaItalia|,|Con @matteosalvinimi e @Musumeci_Staff elezioni regionali 2017 in #Sicilia !! #elezioniregionali2017 #andiamoagovernare #forzalega|
|Altri|,|Il #Pd e il caso #Bankitalia alle 19.30 @ZappingRadio1 con @matteorenzi , e poi le regionali in #Sicilia con @Musumeci_Staff e @GiancarloCanc|
|5Stelle|,|#SICILIA ELEZIONI REGIONALI 2017 ALLA FINE CI SARANNO PIù INDAGATI CHE CANDIDATI #elezioniregionali2017|
|5Stelle|,|La richiesta di #DiMaio per monitorare le Regionali in Sicilia \xe8 stata accolta con grande interesse dall' #OSCE|
|5Stelle|,|Il #m5s chiede che le regionali in Sicilia vengano monitorale dall'OSCE . Per la @GiorgiaMeloni la legalit\xe0 \xe8 un optional|
|5Stelle|,|Chi ha devastato la #Sicilia non merita il tuo voto, merita un calcio in c..... #RegionaliSicilia #CancelleriPresidente #Sicilia5Stelle|
|ForzaItalia|,|Chiamiamo anche l\'ONU! Ridicoli! #M5S Regionali Sicilia , Di Maio: Vogliamo gli osservatori Osce per le elezioni|
|5Stelle|,|Il #M5S chiederà all'OSCE di monitorare le elezioni regionali del 5 novembre in Sicilia per vigilare sul voto di scambio. Ben fatto!|
|5Stelle|,|Quelli di #ForzaItalia sono una spettacolo .........dei fuori classe.. #MusumeciMente #RegionaliSicilia|
|Altri|,|'Una croce su #Crocetta : il Governatore della Sicilia escluso dalle elezioni regionali|
|ForzaItalia|,|'@Musumeci_Staff @FlaviaFama82 @DiventeraB @SoniaAlfano #regionali #sicilia|
|5Stelle|,|Regionali Sicilia .Demopolis : Musumeci 35%, Cancelleri 32%, Micari 22%. Ancora un piccolo sforzo e i leghisti non entreranno in Sicilia #M5S'|
|Altri|,|'#Regionali Sicilia , game over per #Crocetta . La lista #Micari rester\xe0 fuori a #Messina|
|Altri|,|#RegionaliSicilia per #crocetta un #ciaone AFFONDA IL #PD #tagadala7|
|Altri|,|#Regionali , da Gioved\xec al via le adesioni per #scrutinatori |
|ForzaItalia|,|Il M5s presenta lista #impresentabili in #Sicilia , eccola http://www. beppegrillo.it/immagini/immag ini/ListaImpresentabiliSicilia.pdf \u2026 #elezioniSicilia #regionali|
|ForzaItalia|,|Vedi consiglieri regionali in Sicilia che,dal PD,traslocano in #Forzaitalia .:-)))|
|ForzaItalia|,|Per chi vota alle #Regionali in #Sicilia questi sono i #candidati di #Musumeci . Scegliete chi volete che...|
|Altri|,|Tutti gli schieramenti alle #elezioni regionali in Sicilia . L'articolo di Pierangelo Bonanno|
|ForzaItalia|,|#DanielaSantanchè : Sono sicura, in #Sicilia vince #Musumeci ! Gliel'ha detto #Fassino . #Regionali #Sicilia #8ottobre|
|ForzaItalia|,|'#regionalisicilia : La #Boschi : se fossi siciliana voterei #Micari  Beh non credo ci siano dubbi, il #pd di #Renzi in Sicilia ha gi\xe0 perso!'|
|ForzaItalia|,|Con Musumeci e micciche ' , per vincere #elezioni regionali sicilia 2017, @forza_italia , @ForzaItaliaArs , @forzasilvioit , @Fi_Pdl_Senato|
|Altri|,|#Regionali #sicilia , @ClaudioFava : "Preoccupato che la #mafia abbia propri referenti|
|Altri|,|#Regionali in #Sicilia : Boschi e Micari presentano la lista Pd a #Catania http:// ow.ly/SUt330fDhgf #4ottobre|
|Altri|,|Regionali Sicilia , #Micari presenta la sua squadra: "In giunta Baccei, Abramo, Biundo e Torregrossa"|
|ForzaItalia|,|#MusumeciPresidente elezioni regionali #Sicilia 2017 #FratellidItalia #FDI|
|ForzaItalia|,|Alle prossime #elezioni regionali in #Sicilia del 5 novembre FAI VINCERE IL TUO FUTURO! VOTA #UDC ! #Sicilia2017 #Musumecipresidente|
|ForzaItalia|,|Il pienone di #Berlusconi in #Sicilia #elezionisicilia #MusumeciPresidente #RegionaliSicilia #Catania #Palermo|
|Altri|,|#5novembre #DomenicalMuseo Gratis #musei regionali #Sicilia|
|5Stelle|,|Regionali Sicilia  Berlusconi "Niente tasse per i siciliani che tornano a casa" : solo gli idioti possono credere a queste scemenze|